HIERARCHY
ROOT hip
{
  OFFSET 0 0 0
  CHANNELS 6 Xposition Yposition Zposition Zrotation Yrotation Xrotation
  JOINT abdomen
  {
    OFFSET 0 20.6881 -0.73152
    CHANNELS 3 Zrotation Xrotation Yrotation
    JOINT chest
    {
      OFFSET 0 11.7043 -0.48768
      CHANNELS 3 Zrotation Xrotation Yrotation
      JOINT neck
      {
        OFFSET 0 22.1894 -2.19456
        CHANNELS 3 Zrotation Xrotation Yrotation
        JOINT head
        {
          OFFSET -0.24384 7.07133 1.2192
          CHANNELS 3 Zrotation Xrotation Yrotation
          JOINT leftEye
          {
            OFFSET 4.14528 8.04674 8.04672
            CHANNELS 3 Zrotation Xrotation Yrotation
            End Site
            {
              OFFSET 1 0 0
            }
          }
          JOINT rightEye
          {
            OFFSET -3.6576 8.04674 8.04672
            CHANNELS 3 Zrotation Xrotation Yrotation
            End Site
            {
              OFFSET 1 0 0
            }
          }
        }
      }
      JOINT rCollar
      {
        OFFSET -2.68224 19.2634 -4.8768
        CHANNELS 3 Zrotation Xrotation Yrotation
        JOINT rShldr
        {
          OFFSET -8.77824 -1.95073 1.46304
          CHANNELS 3 Zrotation Xrotation Yrotation
          JOINT rForeArm
          {
            OFFSET -28.1742 -1.7115 0.48768
            CHANNELS 3 Zrotation Xrotation Yrotation
            JOINT rHand
            {
              OFFSET -22.5879 0.773209 7.07136
              CHANNELS 3 Zrotation Xrotation Yrotation
              JOINT rThumb1
              {
                OFFSET -1.2192 -0.487915 3.41376
                CHANNELS 3 Zrotation Xrotation Yrotation
                JOINT rThumb2
                {
                  OFFSET -3.37035 -0.52449 3.41376
                  CHANNELS 3 Zrotation Xrotation Yrotation
                  End Site
                  {
                    OFFSET -1.78271 -1.18214 1.43049
                  }
                }
              }
              JOINT rIndex1
              {
                OFFSET -7.75947 0.938293 5.60832
                CHANNELS 3 Zrotation Xrotation Yrotation
                JOINT rIndex2
                {
                  OFFSET -2.54057 -0.884171 1.56538
                  CHANNELS 3 Zrotation Xrotation Yrotation
                  End Site
                  {
                    OFFSET -1.62519 -0.234802 1.16502
                  }
                }
              }
              JOINT rMid1
              {
                OFFSET -8.24714 1.18213 3.41376
                CHANNELS 3 Zrotation Xrotation Yrotation
                JOINT rMid2
                {
                  OFFSET -3.10165 -0.590103 1.0647
                  CHANNELS 3 Zrotation Xrotation Yrotation
                  End Site
                  {
                    OFFSET -2.48547 -0.328903 0.83742
                  }
                }
              }
              JOINT rRing1
              {
                OFFSET -8.82822 0.546677 1.51678
                CHANNELS 3 Zrotation Xrotation Yrotation
                JOINT rRing2
                {
                  OFFSET -2.60934 -0.819778 -0.0198488
                  CHANNELS 3 Zrotation Xrotation Yrotation
                  End Site
                  {
                    OFFSET -2.33842 -0.294052 0.168128
                  }
                }
              }
              JOINT rPinky1
              {
                OFFSET -8.27202 -0.0477905 -0.4584
                CHANNELS 3 Zrotation Xrotation Yrotation
                JOINT rPinky2
                {
                  OFFSET -1.82734 -0.647385 -0.700984
                  CHANNELS 3 Zrotation Xrotation Yrotation
                  End Site
                  {
                    OFFSET -1.69225 -0.51767 -0.607171
                  }
                }
              }
            }
          }
        }
      }
      JOINT lCollar
      {
        OFFSET 2.68224 19.2634 -4.8768
        CHANNELS 3 Zrotation Xrotation Yrotation
        JOINT lShldr
        {
          OFFSET 8.77824 -1.95073 1.46304
          CHANNELS 3 Zrotation Xrotation Yrotation
          JOINT lForeArm
          {
            OFFSET 28.1742 -1.7115 0.48768
            CHANNELS 3 Zrotation Xrotation Yrotation
            JOINT lHand
            {
              OFFSET 22.5879 0.773209 7.07136
              CHANNELS 3 Zrotation Xrotation Yrotation
              JOINT lThumb1
              {
                OFFSET 1.2192 -0.487915 3.41376
                CHANNELS 3 Zrotation Xrotation Yrotation
                JOINT lThumb2
                {
                  OFFSET 3.37035 -0.52449 3.41376
                  CHANNELS 3 Zrotation Xrotation Yrotation
                  End Site
                  {
                    OFFSET 1.78271 -1.18214 1.43049
                  }
                }
              }
              JOINT lIndex1
              {
                OFFSET 7.75947 0.938293 5.60832
                CHANNELS 3 Zrotation Xrotation Yrotation
                JOINT lIndex2
                {
                  OFFSET 2.54057 -0.884171 1.56538
                  CHANNELS 3 Zrotation Xrotation Yrotation
                  End Site
                  {
                    OFFSET 1.62519 -0.234802 1.16502
                  }
                }
              }
              JOINT lMid1
              {
                OFFSET 8.24714 1.18213 3.41376
                CHANNELS 3 Zrotation Xrotation Yrotation
                JOINT lMid2
                {
                  OFFSET 3.10165 -0.590103 1.0647
                  CHANNELS 3 Zrotation Xrotation Yrotation
                  End Site
                  {
                    OFFSET 2.48547 -0.328903 0.83742
                  }
                }
              }
              JOINT lRing1
              {
                OFFSET 8.82822 0.546677 1.51678
                CHANNELS 3 Zrotation Xrotation Yrotation
                JOINT lRing2
                {
                  OFFSET 2.60934 -0.819778 -0.0198488
                  CHANNELS 3 Zrotation Xrotation Yrotation
                  End Site
                  {
                    OFFSET 2.33842 -0.294052 0.168128
                  }
                }
              }
              JOINT lPinky1
              {
                OFFSET 8.27202 -0.0477905 -0.4584
                CHANNELS 3 Zrotation Xrotation Yrotation
                JOINT lPinky2
                {
                  OFFSET 1.82734 -0.647385 -0.700984
                  CHANNELS 3 Zrotation Xrotation Yrotation
                  End Site
                  {
                    OFFSET 1.69225 -0.51767 -0.607171
                  }
                }
              }
            }
          }
        }
      }
    }
  }
  JOINT rButtock
  {
    OFFSET -8.77824 4.35084 1.2192
    CHANNELS 3 Zrotation Xrotation Yrotation
    JOINT rThigh
    {
      OFFSET 0 -1.70687 -2.19456
      CHANNELS 3 Zrotation Xrotation Yrotation
      JOINT rShin
      {
        OFFSET 0 -36.8199 0.73152
        CHANNELS 3 Zrotation Xrotation Yrotation
        JOINT rFoot
        {
          OFFSET 0.73152 -45.1104 -5.12064
          CHANNELS 3 Zrotation Xrotation Yrotation
          End Site
          {
            OFFSET -1.1221 -3.69964 12.103
          }
        }
      }
    }
  }
  JOINT lButtock
  {
    OFFSET 8.77824 4.35084 1.2192
    CHANNELS 3 Zrotation Xrotation Yrotation
    JOINT lThigh
    {
      OFFSET 0 -1.70687 -2.19456
      CHANNELS 3 Zrotation Xrotation Yrotation
      JOINT lShin
      {
        OFFSET 0 -36.8199 0.73152
        CHANNELS 3 Zrotation Xrotation Yrotation
        JOINT lFoot
        {
          OFFSET -0.73152 -45.1104 -5.12064
          CHANNELS 3 Zrotation Xrotation Yrotation
          End Site
          {
            OFFSET 1.1221 -3.69964 12.103
          }
        }
      }
    }
  }
}
MOTION
Frames: 120
Frame Time: 0.03333
0.000 84.225 0.000 -5.158 -31.723 -3.182 -0.365 10.153 1.043 2.257 -3.739 0.328 -15.297 5.063 -7.330 20.541 3.481 -12.482 0.000 0.000 0.000 0.000 0.000 0.000 0.000 0.000 -0.000 79.688 -7.257 -2.667 -8.945 -3.524 15.837 -1.348 31.035 4.851 -0.000 -0.000 -0.000 -0.000 -0.000 -0.000 -0.000 -0.000 -0.000 7.731 5.475 0.417 -0.000 -0.000 -0.000 2.906 0.965 0.103 -0.000 -0.000 -0.000 10.279 0.732 0.026 -0.000 -0.000 -0.000 2.222 -0.733 -0.209 0.000 0.000 -0.000 -81.016 11.810 -2.582 11.151 -4.871 -19.979 0.003 1.577 -0.222 -0.000 -0.000 -0.000 -0.000 -0.000 -0.000 -0.000 -0.000 -0.000 -7.731 5.475 -0.417 -0.000 -0.000 -0.000 -2.906 0.965 -0.103 -0.000 -0.000 -0.000 -10.279 0.732 -0.026 -0.000 -0.000 -0.000 -2.222 -0.733 0.209 -0.000 0.000 -0.000 10.068 -13.959 12.721 -0.283 37.906 0.731 -4.269 -19.486 -9.143 0.000 0.000 0.000 1.807 -5.952 -7.176 0.249 38.591 -0.961 9.038 -27.754 15.532
-0.687 84.115 0.038 -5.846 -31.449 -2.952 0.715 10.475 1.494 1.519 -3.717 0.461 -15.411 5.317 -7.572 20.574 2.529 -12.796 0.000 0.000 0.000 0.000 0.000 0.000 0.000 -0.000 -0.000 79.904 -5.462 -1.912 -9.413 -3.792 16.706 -1.246 29.984 4.651 0.000 -0.000 0.000 0.000 -0.000 0.000 0.000 -0.000 0.000 7.731 5.475 0.417 0.000 -0.000 0.000 2.906 0.965 0.103 0.000 -0.000 0.000 10.279 0.732 0.026 0.000 -0.000 0.000 2.222 -0.733 -0.209 0.000 -0.000 -0.000 -80.823 10.194 -2.884 10.529 -4.469 -18.797 0.022 4.185 -0.589 0.000 -0.000 -0.000 0.000 -0.000 -0.000 0.000 -0.000 -0.000 -7.731 5.475 -0.417 0.000 -0.000 -0.000 -2.906 0.965 -0.103 0.000 -0.000 -0.000 -10.279 0.732 -0.026 0.000 -0.000 -0.000 -2.222 -0.733 0.209 -0.000 0.000 -0.000 10.640 -13.633 11.647 -0.283 37.843 0.723 -3.931 -19.517 -8.340 0.000 0.000 0.000 3.671 -6.220 -5.450 0.270 39.360 -0.943 7.400 -27.605 12.694
-1.282 84.022 -0.138 -6.612 -30.920 -2.624 1.761 11.230 1.238 1.497 -4.261 0.430 -15.708 5.390 -7.736 20.093 1.742 -12.891 0.000 0.000 0.000 0.000 0.000 0.000 0.000 0.000 0.000 79.522 -1.919 -1.152 -10.016 -4.151 17.831 -1.001 27.179 4.138 -0.000 0.000 -0.000 -0.000 0.000 -0.000 -0.000 0.000 -0.000 7.731 5.475 0.417 -0.000 0.000 -0.000 2.906 0.965 0.103 -0.000 0.000 -0.000 10.279 0.732 0.026 -0.000 0.000 -0.000 2.222 -0.733 -0.209 0.000 0.000 0.000 -81.234 8.223 -2.621 10.240 -4.288 -18.252 0.030 4.977 -0.701 -0.000 -0.000 -0.000 -0.000 -0.000 -0.000 -0.000 -0.000 -0.000 -7.731 5.475 -0.417 -0.000 -0.000 -0.000 -2.906 0.965 -0.103 -0.000 -0.000 -0.000 -10.279 0.732 -0.026 -0.000 -0.000 -0.000 -2.222 -0.733 0.209 -0.000 0.000 -0.000 11.333 -13.464 10.400 -0.278 37.535 0.706 -3.729 -19.174 -7.981 0.000 0.000 0.000 5.786 -7.415 -3.396 0.308 40.979 -0.952 6.306 -26.799 10.930
-1.844 83.925 -0.207 -7.184 -30.790 -2.673 2.715 12.288 1.307 1.558 -4.720 0.498 -16.153 5.243 -7.811 19.790 1.311 -12.804 0.000 0.000 0.000 0.000 0.000 0.000 0.000 0.000 0.000 78.929 1.564 -0.433 -10.581 -4.502 18.896 -0.797 24.485 3.670 -0.000 0.000 -0.000 -0.000 0.000 -0.000 -0.000 0.000 -0.000 7.731 5.475 0.417 -0.000 0.000 -0.000 2.906 0.965 0.103 -0.000 0.000 -0.000 10.279 0.732 0.026 -0.000 0.000 -0.000 2.222 -0.733 -0.209 0.000 0.000 0.000 -81.829 6.410 -2.295 10.268 -4.306 -18.304 0.031 4.989 -0.703 -0.000 -0.000 -0.000 -0.000 -0.000 -0.000 -0.000 -0.000 -0.000 -7.731 5.475 -0.417 -0.000 -0.000 -0.000 -2.906 0.965 -0.103 -0.000 -0.000 -0.000 -10.279 0.732 -0.026 -0.000 -0.000 -0.000 -2.222 -0.733 0.209 -0.000 0.000 -0.000 11.468 -13.189 8.416 -0.279 37.478 0.688 -3.319 -18.490 -7.193 0.000 0.000 0.000 7.856 -8.328 -0.794 0.363 43.065 -0.966 4.564 -26.294 7.807
-2.396 84.082 -0.276 -7.444 -30.254 -3.089 3.272 13.785 1.561 1.341 -4.851 0.601 -16.391 5.723 -8.153 20.041 -0.575 -13.185 0.000 0.000 0.000 0.000 0.000 0.000 0.000 0.000 0.000 78.765 2.727 0.652 -11.023 -4.787 19.735 -0.741 23.678 3.533 -0.000 0.000 -0.000 -0.000 0.000 -0.000 -0.000 0.000 -0.000 7.731 5.475 0.417 -0.000 0.000 -0.000 2.906 0.965 0.103 -0.000 0.000 -0.000 10.279 0.732 0.026 -0.000 0.000 -0.000 2.222 -0.733 -0.209 0.000 0.000 0.000 -81.980 4.612 -2.421 9.516 -3.853 -16.898 0.117 9.727 -1.380 -0.000 -0.000 0.000 -0.000 -0.000 0.000 -0.000 -0.000 0.000 -7.731 5.475 -0.417 -0.000 -0.000 0.000 -2.906 0.965 -0.103 -0.000 -0.000 0.000 -10.279 0.732 -0.026 -0.000 -0.000 0.000 -2.222 -0.733 0.209 -0.000 0.000 -0.000 11.946 -12.332 7.726 -0.271 37.075 0.672 -3.450 -18.429 -7.567 0.000 0.000 0.000 9.953 -9.984 1.113 0.453 46.101 -0.986 2.197 -23.972 3.553
-2.827 83.942 -0.480 -7.538 -29.206 -3.299 3.659 14.869 1.188 1.461 -5.119 0.541 -16.454 5.313 -8.471 19.626 -1.197 -13.550 0.000 0.000 0.000 0.000 0.000 0.000 0.000 0.000 0.000 78.290 4.743 1.328 -11.480 -5.090 20.607 -0.706 23.158 3.446 -0.000 0.000 -0.000 -0.000 0.000 -0.000 -0.000 0.000 -0.000 7.731 5.475 0.417 -0.000 0.000 -0.000 2.906 0.965 0.103 -0.000 0.000 -0.000 10.279 0.732 0.026 -0.000 0.000 -0.000 2.222 -0.733 -0.209 0.000 0.000 0.000 -82.071 4.250 -2.346 9.545 -3.869 -16.951 0.124 9.988 -1.418 -0.000 -0.000 0.000 -0.000 -0.000 0.000 -0.000 -0.000 0.000 -7.731 5.475 -0.417 -0.000 -0.000 0.000 -2.906 0.965 -0.103 -0.000 -0.000 0.000 -10.279 0.732 -0.026 -0.000 -0.000 0.000 -2.222 -0.733 0.209 -0.000 0.000 -0.000 12.337 -12.055 6.862 -0.267 36.965 0.664 -3.509 -18.624 -7.696 0.000 0.000 0.000 12.357 -12.661 3.621 0.584 49.961 -1.059 0.697 -19.472 0.568
-3.200 83.892 -0.875 -8.090 -27.394 -2.967 4.646 15.848 0.416 1.621 -5.772 0.405 -16.767 5.187 -8.760 20.046 -1.673 -13.922 0.000 0.000 0.000 0.000 0.000 0.000 -0.000 0.000 0.000 77.884 6.876 1.895 -11.908 -5.384 21.433 -0.585 21.196 3.124 -0.000 0.000 0.000 -0.000 0.000 0.000 -0.000 0.000 0.000 7.731 5.475 0.417 -0.000 0.000 0.000 2.906 0.965 0.103 -0.000 0.000 0.000 10.279 0.732 0.026 -0.000 0.000 0.000 2.222 -0.733 -0.209 -0.000 0.000 0.000 -82.019 3.969 -2.399 9.651 -3.932 -17.149 0.110 9.420 -1.336 -0.000 -0.000 0.000 -0.000 -0.000 0.000 -0.000 -0.000 0.000 -7.731 5.475 -0.417 -0.000 -0.000 0.000 -2.906 0.965 -0.103 -0.000 -0.000 0.000 -10.279 0.732 -0.026 -0.000 -0.000 0.000 -2.222 -0.733 0.209 -0.000 0.000 -0.000 13.464 -12.111 6.344 -0.255 36.596 0.662 -4.145 -18.820 -9.260 0.000 0.000 0.000 15.378 -16.750 5.062 0.764 54.246 -1.176 -0.873 -14.066 -3.810
-3.544 83.733 -0.940 -8.590 -26.378 -2.794 6.055 16.091 0.387 0.852 -5.305 0.432 -16.968 5.061 -9.148 20.306 -1.607 -14.605 0.000 0.000 0.000 0.000 0.000 0.000 -0.000 -0.000 0.000 77.973 6.879 2.633 -12.051 -5.485 21.709 -0.609 21.607 3.191 0.000 0.000 0.000 0.000 0.000 0.000 0.000 0.000 0.000 7.731 5.475 0.417 0.000 0.000 0.000 2.906 0.965 0.103 0.000 0.000 0.000 10.279 0.732 0.026 0.000 0.000 0.000 2.222 -0.733 -0.209 -0.000 -0.000 0.000 -81.695 4.170 -2.685 9.907 -4.085 -17.628 0.085 8.307 -1.176 0.000 0.000 0.000 0.000 0.000 0.000 0.000 0.000 0.000 -7.731 5.475 -0.417 0.000 0.000 0.000 -2.906 0.965 -0.103 0.000 0.000 0.000 -10.279 0.732 -0.026 0.000 0.000 0.000 -2.222 -0.733 0.209 -0.000 0.000 -0.000 13.923 -12.118 4.941 -0.249 36.592 0.659 -3.944 -19.044 -8.755 0.000 0.000 0.000 17.780 -20.239 5.838 0.964 58.081 -1.347 -1.503 -8.274 -7.568
-3.970 83.641 -0.886 -9.119 -26.568 -2.885 6.965 16.849 1.155 0.556 -5.343 0.697 -17.089 6.290 -9.200 20.938 -3.264 -14.704 0.000 0.000 0.000 0.000 0.000 0.000 0.000 0.000 -0.000 77.572 8.602 2.869 -12.452 -5.771 22.489 -0.510 19.861 2.910 0.000 -0.000 -0.000 0.000 -0.000 -0.000 0.000 -0.000 -0.000 7.731 5.475 0.417 0.000 -0.000 -0.000 2.906 0.965 0.103 0.000 -0.000 -0.000 10.279 0.732 0.026 0.000 -0.000 -0.000 2.222 -0.733 -0.209 0.000 0.000 -0.000 -81.936 3.755 -2.427 10.061 -4.179 -17.916 0.087 8.375 -1.186 -0.000 -0.000 -0.000 -0.000 -0.000 -0.000 -0.000 -0.000 -0.000 -7.731 5.475 -0.417 -0.000 -0.000 -0.000 -2.906 0.965 -0.103 -0.000 -0.000 -0.000 -10.279 0.732 -0.026 -0.000 -0.000 -0.000 -2.222 -0.733 0.209 -0.000 0.000 -0.000 14.631 -11.677 4.683 -0.245 36.639 0.659 -3.734 -19.232 -8.251 0.000 0.000 0.000 20.113 -21.958 7.124 1.119 60.564 -1.500 -1.490 -4.358 -9.894
-4.207 83.671 -0.753 -8.855 -26.395 -2.955 6.724 16.945 1.790 0.861 -5.842 0.889 -17.394 6.348 -9.386 21.078 -2.443 -15.181 0.000 0.000 0.000 0.000 0.000 0.000 0.000 0.000 0.000 76.797 9.720 2.614 -12.462 -5.778 22.508 -0.471 19.140 2.796 -0.000 0.000 -0.000 -0.000 0.000 -0.000 -0.000 0.000 -0.000 7.731 5.475 0.417 -0.000 0.000 -0.000 2.906 0.965 0.103 -0.000 0.000 -0.000 10.279 0.732 0.026 -0.000 0.000 -0.000 2.222 -0.733 -0.209 0.000 0.000 0.000 -82.242 2.889 -2.296 9.669 -3.943 -17.182 0.088 8.412 -1.191 -0.000 -0.000 0.000 -0.000 -0.000 0.000 -0.000 -0.000 0.000 -7.731 5.475 -0.417 -0.000 -0.000 0.000 -2.906 0.965 -0.103 -0.000 -0.000 0.000 -10.279 0.732 -0.026 -0.000 -0.000 0.000 -2.222 -0.733 0.209 -0.000 0.000 -0.000 14.476 -11.462 4.507 -0.240 36.416 0.659 -3.757 -19.212 -8.326 0.000 0.000 0.000 20.817 -22.766 7.729 1.168 61.262 -1.548 -1.466 -5.351 -8.970
-4.513 83.874 -0.370 -8.452 -27.298 -3.289 6.079 16.787 3.148 0.486 -5.584 1.218 -17.270 6.906 -9.478 21.523 -1.842 -15.661 0.000 0.000 0.000 0.000 0.000 0.000 -0.000 -0.000 0.000 76.802 8.829 2.974 -12.047 -5.481 21.700 -0.548 20.562 3.022 -0.000 0.000 0.000 -0.000 0.000 0.000 -0.000 0.000 0.000 7.731 5.475 0.417 -0.000 0.000 0.000 2.906 0.965 0.103 -0.000 0.000 0.000 10.279 0.732 0.026 -0.000 0.000 0.000 2.222 -0.733 -0.209 -0.000 -0.000 0.000 -82.509 1.797 -1.495 9.815 -4.030 -17.455 0.085 8.280 -1.172 -0.000 -0.000 -0.000 -0.000 -0.000 -0.000 -0.000 -0.000 -0.000 -7.731 5.475 -0.417 -0.000 -0.000 -0.000 -2.906 0.965 -0.103 -0.000 -0.000 -0.000 -10.279 0.732 -0.026 -0.000 -0.000 -0.000 -2.222 -0.733 0.209 -0.000 0.000 -0.000 14.007 -10.625 4.648 -0.233 35.893 0.648 -3.578 -19.108 -7.887 0.000 0.000 0.000 20.888 -21.805 8.348 1.085 60.087 -1.478 -0.925 -9.806 -4.855
-4.724 83.896 -0.270 -8.269 -27.980 -3.220 5.511 16.560 3.994 0.232 -5.457 1.406 -17.137 7.680 -9.318 22.202 -2.193 -15.522 0.000 0.000 0.000 0.000 0.000 0.000 -0.000 0.000 0.000 76.927 7.344 3.522 -11.572 -5.153 20.784 -0.641 22.139 3.278 -0.000 0.000 0.000 -0.000 0.000 0.000 -0.000 0.000 0.000 7.731 5.475 0.417 -0.000 0.000 0.000 2.906 0.965 0.103 -0.000 0.000 0.000 10.279 0.732 0.026 -0.000 0.000 0.000 2.222 -0.733 -0.209 -0.000 0.000 0.000 -82.577 1.148 -0.700 9.889 -4.074 -17.594 0.063 7.167 -1.013 -0.000 -0.000 0.000 -0.000 -0.000 0.000 -0.000 -0.000 0.000 -7.731 5.475 -0.417 -0.000 -0.000 0.000 -2.906 0.965 -0.103 -0.000 -0.000 0.000 -10.279 0.732 -0.026 -0.000 -0.000 0.000 -2.222 -0.733 0.209 -0.000 0.000 -0.000 14.144 -10.507 5.820 -0.235 35.846 0.658 -3.807 -19.167 -8.372 0.000 0.000 0.000 20.505 -20.483 8.545 0.911 57.337 -1.353 1.084 -12.938 1.758
-4.816 84.058 0.334 -7.628 -27.968 -3.556 4.775 15.923 3.803 0.436 -5.484 1.305 -17.434 8.103 -9.040 22.277 -1.201 -15.262 0.000 0.000 0.000 0.000 0.000 0.000 -0.000 -0.000 -0.000 76.620 7.033 3.309 -11.341 -4.997 20.341 -0.644 22.182 3.285 -0.000 -0.000 0.000 -0.000 -0.000 0.000 -0.000 -0.000 0.000 7.731 5.475 0.417 -0.000 -0.000 0.000 2.906 0.965 0.103 -0.000 -0.000 0.000 10.279 0.732 0.026 -0.000 -0.000 0.000 2.222 -0.733 -0.209 -0.000 -0.000 -0.000 -83.251 -0.083 1.101 9.881 -4.070 -17.579 0.067 7.392 -1.045 0.000 -0.000 -0.000 0.000 -0.000 -0.000 0.000 -0.000 -0.000 -7.731 5.475 -0.417 0.000 -0.000 -0.000 -2.906 0.965 -0.103 0.000 -0.000 -0.000 -10.279 0.732 -0.026 0.000 -0.000 -0.000 -2.222 -0.733 0.209 -0.000 0.000 -0.000 13.364 -10.011 5.968 -0.238 35.800 0.672 -4.043 -19.344 -8.804 0.000 0.000 0.000 18.257 -18.506 6.270 0.684 52.706 -1.178 3.585 -14.708 8.489
-4.867 84.022 0.636 -7.487 -27.261 -3.466 4.283 15.624 3.212 0.706 -5.501 1.109 -16.582 5.949 -9.269 20.572 1.614 -15.786 0.000 0.000 0.000 0.000 0.000 0.000 0.000 -0.000 0.000 76.709 5.134 3.547 -11.069 -4.816 19.821 -0.712 23.243 3.461 0.000 -0.000 0.000 0.000 -0.000 0.000 0.000 -0.000 0.000 7.731 5.475 0.417 0.000 -0.000 0.000 2.906 0.965 0.103 0.000 -0.000 0.000 10.279 0.732 0.026 0.000 -0.000 0.000 2.222 -0.733 -0.209 0.000 -0.000 0.000 -83.621 -1.507 2.009 9.672 -3.944 -17.187 0.077 7.884 -1.115 0.000 0.000 -0.000 0.000 0.000 -0.000 0.000 0.000 -0.000 -7.731 5.475 -0.417 0.000 0.000 -0.000 -2.906 0.965 -0.103 0.000 0.000 -0.000 -10.279 0.732 -0.026 0.000 0.000 -0.000 -2.222 -0.733 0.209 -0.000 0.000 -0.000 13.148 -10.016 6.006 -0.241 35.886 0.686 -4.297 -19.676 -9.234 0.000 0.000 0.000 16.483 -17.244 3.440 0.534 48.706 -1.056 5.062 -16.368 11.782
-4.767 83.965 1.187 -7.248 -25.700 -3.065 4.376 13.933 2.376 0.527 -4.912 0.840 -17.323 7.566 -9.247 22.519 -0.260 -15.742 0.000 0.000 0.000 0.000 0.000 0.000 -0.000 -0.000 -0.000 76.763 5.191 2.650 -11.293 -4.965 20.249 -0.669 22.578 3.350 0.000 -0.000 -0.000 0.000 -0.000 -0.000 0.000 -0.000 -0.000 7.731 5.475 0.417 0.000 -0.000 -0.000 2.906 0.965 0.103 0.000 -0.000 -0.000 10.279 0.732 0.026 0.000 -0.000 -0.000 2.222 -0.733 -0.209 -0.000 -0.000 -0.000 -83.660 -3.639 2.904 9.116 -3.621 -16.153 0.139 10.574 -1.503 0.000 0.000 0.000 0.000 0.000 0.000 0.000 0.000 0.000 -7.731 5.475 -0.417 0.000 0.000 0.000 -2.906 0.965 -0.103 0.000 0.000 0.000 -10.279 0.732 -0.026 0.000 0.000 0.000 -2.222 -0.733 0.209 -0.000 0.000 -0.000 13.101 -10.193 6.485 -0.242 36.011 0.709 -5.050 -20.765 -10.562 0.000 0.000 0.000 14.959 -16.237 1.647 0.473 46.891 -1.027 6.098 -18.420 13.375
-4.716 84.017 1.781 -6.700 -25.103 -3.430 3.592 13.620 2.448 0.947 -5.291 0.843 -17.473 8.154 -9.378 22.749 0.092 -16.227 0.000 0.000 0.000 0.000 0.000 0.000 0.000 0.000 -0.000 76.747 5.145 1.387 -11.492 -5.099 20.631 -0.631 21.972 3.251 0.000 -0.000 0.000 0.000 -0.000 0.000 0.000 -0.000 0.000 7.731 5.475 0.417 0.000 -0.000 0.000 2.906 0.965 0.103 0.000 -0.000 0.000 10.279 0.732 0.026 0.000 -0.000 0.000 2.222 -0.733 -0.209 0.000 0.000 -0.000 -83.818 -6.668 3.792 8.459 -3.256 -14.942 0.235 13.668 -1.959 0.000 0.000 -0.000 0.000 0.000 -0.000 0.000 0.000 -0.000 -7.731 5.475 -0.417 0.000 0.000 -0.000 -2.906 0.965 -0.103 0.000 0.000 -0.000 -10.279 0.732 -0.026 0.000 0.000 -0.000 -2.222 -0.733 0.209 -0.000 0.000 -0.000 12.484 -9.630 6.699 -0.242 35.953 0.718 -5.399 -21.416 -11.071 0.000 0.000 0.000 13.279 -14.039 0.127 0.396 44.321 -0.991 7.600 -20.609 15.703
-4.279 84.017 2.032 -5.002 -23.388 -3.300 1.431 12.211 1.768 1.248 -4.608 0.572 -17.397 7.657 -9.630 23.447 0.862 -16.778 0.000 0.000 0.000 0.000 0.000 0.000 -0.000 0.000 0.000 77.414 4.521 1.018 -11.547 -5.136 20.736 -0.638 22.080 3.268 -0.000 0.000 -0.000 -0.000 0.000 -0.000 -0.000 0.000 -0.000 7.731 5.475 0.417 -0.000 0.000 -0.000 2.906 0.965 0.103 -0.000 0.000 -0.000 10.279 0.732 0.026 -0.000 0.000 -0.000 2.222 -0.733 -0.209 -0.000 0.000 0.000 -83.240 -11.605 3.375 7.589 -2.800 -13.351 0.427 18.249 -2.656 -0.000 -0.000 0.000 -0.000 -0.000 0.000 -0.000 -0.000 0.000 -7.731 5.475 -0.417 -0.000 -0.000 0.000 -2.906 0.965 -0.103 -0.000 -0.000 0.000 -10.279 0.732 -0.026 -0.000 -0.000 0.000 -2.222 -0.733 0.209 -0.000 0.000 -0.000 11.090 -10.419 7.310 -0.244 36.170 0.744 -6.221 -21.744 -12.686 0.000 0.000 0.000 10.950 -14.206 -0.825 0.345 42.233 -0.936 8.070 -20.752 16.714
-4.224 84.105 2.299 -4.634 -22.441 -3.383 0.641 12.102 1.793 1.499 -4.900 0.565 -17.697 7.846 -9.956 24.544 0.889 -17.471 0.000 0.000 0.000 0.000 0.000 0.000 -0.000 -0.000 0.000 78.087 2.795 0.137 -11.301 -4.970 20.264 -0.690 22.904 3.404 -0.000 0.000 0.000 -0.000 0.000 0.000 -0.000 0.000 0.000 7.731 5.475 0.417 -0.000 0.000 0.000 2.906 0.965 0.103 -0.000 0.000 0.000 10.279 0.732 0.026 -0.000 0.000 0.000 2.222 -0.733 -0.209 -0.000 -0.000 0.000 -82.818 -14.169 3.691 7.257 -2.634 -12.750 0.540 20.419 -2.999 0.000 -0.000 -0.000 0.000 -0.000 -0.000 0.000 -0.000 -0.000 -7.731 5.475 -0.417 0.000 -0.000 -0.000 -2.906 0.965 -0.103 0.000 -0.000 -0.000 -10.279 0.732 -0.026 0.000 -0.000 -0.000 -2.222 -0.733 0.209 -0.000 0.000 -0.000 11.353 -10.125 8.799 -0.241 36.174 0.772 -7.228 -22.899 -14.273 0.000 0.000 0.000 10.150 -13.492 -2.348 0.320 41.148 -0.908 8.045 -21.456 16.351
-3.873 84.185 2.555 -4.106 -21.412 -3.253 0.148 11.901 1.893 0.959 -4.796 0.551 -17.638 7.351 -10.278 25.583 1.308 -18.110 0.000 0.000 0.000 0.000 0.000 0.000 0.000 -0.000 0.000 79.143 0.569 -0.185 -10.835 -4.665 19.378 -0.794 24.453 3.664 -0.000 0.000 0.000 -0.000 0.000 0.000 -0.000 0.000 0.000 7.731 5.475 0.417 -0.000 0.000 0.000 2.906 0.965 0.103 -0.000 0.000 0.000 10.279 0.732 0.026 -0.000 0.000 0.000 2.222 -0.733 -0.209 0.000 -0.000 0.000 -82.141 -15.824 3.311 7.125 -2.569 -12.509 0.651 22.294 -3.303 -0.000 -0.000 -0.000 -0.000 -0.000 -0.000 -0.000 -0.000 -0.000 -7.731 5.475 -0.417 -0.000 -0.000 -0.000 -2.906 0.965 -0.103 -0.000 -0.000 -0.000 -10.279 0.732 -0.026 -0.000 -0.000 -0.000 -2.222 -0.733 0.209 -0.000 0.000 -0.000 11.104 -10.366 9.740 -0.240 36.297 0.799 -8.238 -23.509 -15.991 0.000 0.000 0.000 8.805 -13.521 -4.347 0.302 40.339 -0.886 8.236 -21.308 16.865
-3.539 84.244 2.642 -2.816 -21.452 -3.255 -1.607 11.544 2.604 1.258 -4.692 0.713 -17.836 7.686 -10.413 26.311 0.410 -18.244 0.000 0.000 0.000 0.000 0.000 0.000 0.000 -0.000 -0.000 79.754 0.137 -0.566 -10.503 -4.453 18.748 -0.835 25.018 3.761 -0.000 -0.000 0.000 -0.000 -0.000 0.000 -0.000 -0.000 0.000 7.731 5.475 0.417 -0.000 -0.000 0.000 2.906 0.965 0.103 -0.000 -0.000 0.000 10.279 0.732 0.026 -0.000 -0.000 0.000 2.222 -0.733 -0.209 0.000 -0.000 -0.000 -81.693 -16.164 2.999 7.088 -2.551 -12.442 0.651 22.288 -3.302 -0.000 -0.000 -0.000 -0.000 -0.000 -0.000 -0.000 -0.000 -0.000 -7.731 5.475 -0.417 -0.000 -0.000 -0.000 -2.906 0.965 -0.103 -0.000 -0.000 -0.000 -10.279 0.732 -0.026 -0.000 -0.000 -0.000 -2.222 -0.733 0.209 -0.000 0.000 -0.000 9.796 -10.941 10.199 -0.244 36.576 0.808 -8.218 -23.879 -15.769 0.000 0.000 0.000 6.897 -13.381 -5.362 0.286 39.679 -0.885 8.838 -21.894 17.804
-3.070 84.236 2.938 -2.776 -19.137 -3.067 -1.088 11.651 1.791 0.598 -4.519 0.466 -17.654 6.963 -11.027 26.299 0.706 -19.337 0.000 0.000 0.000 0.000 0.000 0.000 -0.000 0.000 0.000 80.375 -1.129 -0.802 -10.169 -4.245 18.119 -0.930 26.291 3.981 -0.000 0.000 0.000 -0.000 0.000 0.000 -0.000 0.000 0.000 7.731 5.475 0.417 -0.000 0.000 0.000 2.906 0.965 0.103 -0.000 0.000 0.000 10.279 0.732 0.026 -0.000 0.000 0.000 2.222 -0.733 -0.209 -0.000 0.000 0.000 -81.326 -13.992 2.176 7.381 -2.696 -12.974 0.590 21.278 -3.137 -0.000 -0.000 0.000 -0.000 -0.000 0.000 -0.000 -0.000 0.000 -7.731 5.475 -0.417 -0.000 -0.000 0.000 -2.906 0.965 -0.103 -0.000 -0.000 0.000 -10.279 0.732 -0.026 -0.000 -0.000 0.000 -2.222 -0.733 0.209 -0.000 0.000 -0.000 9.582 -10.807 9.726 -0.241 36.436 0.830 -9.012 -25.242 -16.653 0.000 0.000 0.000 5.954 -14.060 -7.214 0.286 39.650 -0.876 8.854 -21.439 18.102
-2.756 84.274 2.927 -2.512 -18.513 -3.211 -1.305 12.428 2.148 0.637 -4.960 0.561 -18.036 7.065 -11.375 26.668 0.281 -19.880 0.000 0.000 0.000 0.000 0.000 0.000 -0.000 0.000 -0.000 80.496 -0.662 -1.280 -10.028 -4.159 17.855 -1.030 27.534 4.202 0.000 -0.000 0.000 0.000 -0.000 0.000 0.000 -0.000 0.000 7.731 5.475 0.417 0.000 -0.000 0.000 2.906 0.965 0.103 0.000 -0.000 0.000 10.279 0.732 0.026 0.000 -0.000 0.000 2.222 -0.733 -0.209 -0.000 0.000 -0.000 -81.235 -11.385 1.315 7.758 -2.886 -13.660 0.457 18.851 -2.750 0.000 0.000 0.000 0.000 0.000 0.000 0.000 0.000 0.000 -7.731 5.475 -0.417 0.000 0.000 0.000 -2.906 0.965 -0.103 0.000 0.000 0.000 -10.279 0.732 -0.026 0.000 0.000 0.000 -2.222 -0.733 0.209 -0.000 0.000 -0.000 9.321 -10.720 10.174 -0.237 36.427 0.845 -9.230 -26.121 -16.658 0.000 0.000 0.000 5.179 -14.086 -8.042 0.283 39.492 -0.873 9.038 -21.373 18.527
-2.674 84.261 2.968 -2.684 -19.476 -2.933 -1.099 12.219 3.327 0.499 -4.431 0.896 -18.170 7.459 -11.328 27.153 -0.653 -19.653 0.000 0.000 0.000 0.000 0.000 0.000 -0.000 -0.000 -0.000 80.736 -1.126 -0.920 -9.706 -3.965 17.252 -1.128 28.686 4.410 0.000 -0.000 0.000 0.000 -0.000 0.000 0.000 -0.000 0.000 7.731 5.475 0.417 0.000 -0.000 0.000 2.906 0.965 0.103 0.000 -0.000 0.000 10.279 0.732 0.026 0.000 -0.000 0.000 2.222 -0.733 -0.209 -0.000 -0.000 -0.000 -81.206 -8.191 0.533 8.446 -3.249 -14.918 0.298 15.348 -2.211 0.000 0.000 -0.000 0.000 0.000 -0.000 0.000 0.000 -0.000 -7.731 5.475 -0.417 0.000 0.000 -0.000 -2.906 0.965 -0.103 0.000 0.000 -0.000 -10.279 0.732 -0.026 0.000 0.000 -0.000 -2.222 -0.733 0.209 -0.000 0.000 -0.000 9.348 -11.019 10.628 -0.239 36.446 0.826 -8.649 -25.938 -15.682 0.000 0.000 0.000 4.867 -13.831 -8.640 0.276 39.345 -0.892 9.831 -21.665 19.940
-2.419 84.252 3.101 -2.736 -18.657 -2.930 -0.794 12.244 2.624 0.960 -5.077 0.727 -18.651 8.422 -11.024 26.859 -0.592 -19.257 0.000 0.000 0.000 0.000 0.000 0.000 -0.000 -0.000 0.000 80.282 -0.523 -1.876 -9.582 -3.891 17.020 -1.141 28.832 4.437 -0.000 -0.000 0.000 -0.000 -0.000 0.000 -0.000 -0.000 0.000 7.731 5.475 0.417 -0.000 -0.000 0.000 2.906 0.965 0.103 -0.000 -0.000 0.000 10.279 0.732 0.026 -0.000 -0.000 0.000 2.222 -0.733 -0.209 -0.000 -0.000 0.000 -81.705 -4.066 1.775 9.698 -3.960 -17.237 0.129 10.170 -1.445 0.000 -0.000 -0.000 0.000 -0.000 -0.000 0.000 -0.000 -0.000 -7.731 5.475 -0.417 0.000 -0.000 -0.000 -2.906 0.965 -0.103 0.000 -0.000 -0.000 -10.279 0.732 -0.026 0.000 -0.000 -0.000 -2.222 -0.733 0.209 -0.000 0.000 -0.000 9.425 -10.830 10.865 -0.236 36.384 0.840 -9.085 -26.891 -16.073 0.000 0.000 0.000 4.701 -14.015 -9.160 0.278 39.424 -0.889 9.657 -21.878 19.472
-2.198 84.277 3.207 -2.838 -17.668 -2.980 -0.538 13.092 2.404 0.648 -4.954 0.656 -17.799 6.885 -11.299 25.844 0.703 -19.761 0.000 0.000 0.000 0.000 0.000 0.000 0.000 0.000 0.000 80.886 -3.096 -0.897 -9.242 -3.693 16.388 -1.312 30.673 4.782 0.000 -0.000 -0.000 0.000 -0.000 -0.000 0.000 -0.000 -0.000 7.731 5.475 0.417 0.000 -0.000 -0.000 2.906 0.965 0.103 0.000 -0.000 -0.000 10.279 0.732 0.026 0.000 -0.000 -0.000 2.222 -0.733 -0.209 0.000 0.000 0.000 -81.203 -1.344 0.644 10.339 -4.350 -18.439 0.076 7.822 -1.106 0.000 0.000 0.000 0.000 0.000 0.000 0.000 0.000 0.000 -7.731 5.475 -0.417 0.000 0.000 0.000 -2.906 0.965 -0.103 0.000 0.000 0.000 -10.279 0.732 -0.026 0.000 0.000 0.000 -2.222 -0.733 0.209 -0.000 0.000 -0.000 9.428 -10.618 10.507 -0.233 36.282 0.846 -9.473 -27.050 -16.695 0.000 0.000 0.000 4.514 -14.187 -9.970 0.283 39.587 -0.887 9.403 -22.092 18.839
-2.133 84.267 3.095 -2.627 -18.658 -2.809 -1.006 13.070 3.123 0.618 -4.642 0.845 -17.382 5.935 -11.024 25.513 1.858 -19.285 0.000 0.000 0.000 0.000 0.000 0.000 -0.000 0.000 -0.000 81.348 -3.497 -0.174 -9.134 -3.632 16.187 -1.352 31.084 4.860 0.000 -0.000 0.000 0.000 -0.000 0.000 0.000 -0.000 0.000 7.731 5.475 0.417 0.000 -0.000 0.000 2.906 0.965 0.103 0.000 -0.000 0.000 10.279 0.732 0.026 0.000 -0.000 0.000 2.222 -0.733 -0.209 -0.000 0.000 -0.000 -80.690 0.689 0.341 10.789 -4.635 -19.290 0.039 5.651 -0.797 0.000 0.000 -0.000 0.000 0.000 -0.000 0.000 0.000 -0.000 -7.731 5.475 -0.417 0.000 0.000 -0.000 -2.906 0.965 -0.103 0.000 0.000 -0.000 -10.279 0.732 -0.026 0.000 0.000 -0.000 -2.222 -0.733 0.209 -0.000 0.000 -0.000 8.741 -11.311 9.682 -0.240 36.480 0.826 -8.647 -26.000 -15.654 0.000 0.000 0.000 3.821 -13.962 -10.812 0.277 39.499 -0.910 10.196 -22.526 20.122
-2.196 84.123 2.736 -3.115 -18.150 -2.105 -0.672 13.078 2.208 1.068 -5.528 0.624 -17.023 5.756 -10.592 24.341 2.801 -18.616 0.000 0.000 0.000 0.000 0.000 0.000 -0.000 -0.000 -0.000 81.312 -1.395 -0.238 -9.431 -3.803 16.739 -1.210 29.600 4.579 0.000 -0.000 0.000 0.000 -0.000 0.000 0.000 -0.000 0.000 7.731 5.475 0.417 0.000 -0.000 0.000 2.906 0.965 0.103 0.000 -0.000 0.000 10.279 0.732 0.026 0.000 -0.000 0.000 2.222 -0.733 -0.209 -0.000 -0.000 -0.000 -80.622 1.792 1.146 11.352 -5.004 -20.362 0.031 4.993 -0.704 0.000 0.000 -0.000 0.000 0.000 -0.000 0.000 0.000 -0.000 -7.731 5.475 -0.417 0.000 0.000 -0.000 -2.906 0.965 -0.103 0.000 0.000 -0.000 -10.279 0.732 -0.026 0.000 0.000 -0.000 -2.222 -0.733 0.209 -0.000 0.000 -0.000 9.370 -12.073 9.500 -0.240 36.548 0.836 -9.047 -26.017 -16.370 0.000 0.000 0.000 4.585 -15.033 -10.776 0.282 39.685 -0.904 9.846 -22.251 19.601
-2.322 83.989 2.842 -3.454 -18.751 -2.164 -0.351 13.573 2.376 1.098 -5.537 0.682 -16.702 4.846 -10.132 23.663 3.949 -17.744 0.000 0.000 0.000 0.000 0.000 0.000 0.000 0.000 0.000 81.404 0.220 0.228 -9.778 -4.008 17.387 -1.106 28.429 4.363 -0.000 0.000 -0.000 -0.000 0.000 -0.000 -0.000 0.000 -0.000 7.731 5.475 0.417 -0.000 0.000 -0.000 2.906 0.965 0.103 -0.000 0.000 -0.000 10.279 0.732 0.026 -0.000 0.000 -0.000 2.222 -0.733 -0.209 0.000 0.000 0.000 -80.128 1.154 0.348 10.812 -4.650 -19.334 0.038 5.585 -0.787 -0.000 -0.000 0.000 -0.000 -0.000 0.000 -0.000 -0.000 0.000 -7.731 5.475 -0.417 -0.000 -0.000 0.000 -2.906 0.965 -0.103 -0.000 -0.000 0.000 -10.279 0.732 -0.026 -0.000 -0.000 0.000 -2.222 -0.733 0.209 -0.000 0.000 -0.000 9.982 -12.145 10.073 -0.248 37.046 0.847 -9.080 -25.988 -16.435 0.000 0.000 0.000 4.867 -14.751 -10.819 0.288 40.058 -0.927 10.206 -22.758 19.984
-2.492 83.909 2.693 -3.037 -20.909 -1.979 -1.283 13.590 3.614 1.066 -5.445 1.002 -16.180 3.488 -9.284 22.907 5.353 -16.082 0.000 0.000 0.000 0.000 0.000 0.000 0.000 -0.000 0.000 81.794 2.608 0.849 -10.343 -4.352 18.446 -0.933 26.330 3.988 -0.000 0.000 0.000 -0.000 0.000 0.000 -0.000 0.000 0.000 7.731 5.475 0.417 -0.000 0.000 0.000 2.906 0.965 0.103 -0.000 0.000 0.000 10.279 0.732 0.026 -0.000 0.000 0.000 2.222 -0.733 -0.209 0.000 -0.000 0.000 -79.636 1.815 0.746 11.401 -5.037 -20.456 0.025 4.498 -0.633 -0.000 -0.000 -0.000 -0.000 -0.000 -0.000 -0.000 -0.000 -0.000 -7.731 5.475 -0.417 -0.000 -0.000 -0.000 -2.906 0.965 -0.103 -0.000 -0.000 -0.000 -10.279 0.732 -0.026 -0.000 -0.000 -0.000 -2.222 -0.733 0.209 -0.000 0.000 -0.000 9.894 -13.131 11.163 -0.263 37.790 0.844 -8.511 -24.767 -15.903 0.000 0.000 0.000 4.940 -14.611 -9.194 0.278 40.112 -0.948 10.537 -23.663 20.085
-2.493 83.855 2.919 -2.435 -20.860 -2.349 -1.804 14.054 3.390 0.896 -5.469 0.907 -15.467 2.074 -8.456 21.670 7.117 -14.526 0.000 0.000 0.000 0.000 0.000 0.000 -0.000 -0.000 0.000 82.012 4.773 1.021 -10.972 -4.753 19.638 -0.784 24.302 3.639 -0.000 0.000 0.000 -0.000 0.000 0.000 -0.000 0.000 0.000 7.731 5.475 0.417 -0.000 0.000 0.000 2.906 0.965 0.103 -0.000 0.000 0.000 10.279 0.732 0.026 -0.000 0.000 0.000 2.222 -0.733 -0.209 -0.000 -0.000 0.000 -78.869 0.162 -0.008 10.735 -4.600 -19.187 0.055 6.682 -0.943 0.000 -0.000 -0.000 0.000 -0.000 -0.000 0.000 -0.000 -0.000 -7.731 5.475 -0.417 0.000 -0.000 -0.000 -2.906 0.965 -0.103 0.000 -0.000 -0.000 -10.279 0.732 -0.026 0.000 -0.000 -0.000 -2.222 -0.733 0.209 -0.000 0.000 -0.000 9.257 -13.063 10.851 -0.270 38.141 0.854 -8.635 -24.566 -16.216 0.000 0.000 0.000 5.258 -14.543 -7.015 0.290 40.110 -0.920 9.419 -23.199 18.241
-2.628 83.826 3.091 -2.606 -20.582 -2.418 -1.222 14.530 2.853 0.886 -5.450 0.773 -14.406 -0.011 -7.397 19.126 9.755 -12.481 0.000 0.000 0.000 0.000 0.000 0.000 -0.000 -0.000 0.000 81.724 8.099 1.165 -11.782 -5.297 21.190 -0.563 20.814 3.063 -0.000 0.000 0.000 -0.000 0.000 0.000 -0.000 0.000 0.000 7.731 5.475 0.417 -0.000 0.000 0.000 2.906 0.965 0.103 -0.000 0.000 0.000 10.279 0.732 0.026 -0.000 0.000 0.000 2.222 -0.733 -0.209 -0.000 -0.000 0.000 -78.946 -0.730 -0.055 10.716 -4.588 -19.151 0.054 6.621 -0.935 -0.000 -0.000 -0.000 -0.000 -0.000 -0.000 -0.000 -0.000 -0.000 -7.731 5.475 -0.417 -0.000 -0.000 -0.000 -2.906 0.965 -0.103 -0.000 -0.000 -0.000 -10.279 0.732 -0.026 -0.000 -0.000 -0.000 -2.222 -0.733 0.209 -0.000 0.000 -0.000 9.012 -12.500 9.846 -0.264 37.765 0.838 -8.025 -25.498 -14.691 0.000 0.000 0.000 6.776 -15.127 -4.094 0.313 40.904 -0.900 7.878 -22.153 15.703
-2.774 83.743 3.402 -3.497 -19.776 -2.335 0.598 15.435 2.441 0.509 -5.898 0.711 -13.678 -0.615 -6.615 17.491 9.931 -10.859 0.000 0.000 0.000 0.000 0.000 0.000 -0.000 0.000 0.000 81.422 8.103 1.076 -12.074 -5.501 21.754 -0.546 20.529 3.017 -0.000 0.000 -0.000 -0.000 0.000 -0.000 -0.000 0.000 -0.000 7.731 5.475 0.417 -0.000 0.000 -0.000 2.906 0.965 0.103 -0.000 0.000 -0.000 10.279 0.732 0.026 -0.000 0.000 -0.000 2.222 -0.733 -0.209 -0.000 0.000 0.000 -79.100 -1.222 -0.223 10.744 -4.606 -19.204 0.065 7.229 -1.021 -0.000 -0.000 0.000 -0.000 -0.000 0.000 -0.000 -0.000 0.000 -7.731 5.475 -0.417 -0.000 -0.000 0.000 -2.906 0.965 -0.103 -0.000 -0.000 0.000 -10.279 0.732 -0.026 -0.000 -0.000 0.000 -2.222 -0.733 0.209 -0.000 0.000 -0.000 9.436 -11.745 8.403 -0.252 37.182 0.827 -8.127 -25.667 -14.843 0.000 0.000 0.000 8.826 -16.367 -1.733 0.361 42.779 -0.919 6.561 -21.479 13.218
-2.916 83.681 3.548 -4.238 -19.798 -1.846 2.091 15.642 2.419 0.324 -5.391 0.760 -13.066 -1.007 -5.887 15.965 9.511 -9.287 0.000 0.000 0.000 0.000 0.000 0.000 -0.000 0.000 0.000 80.816 10.174 1.455 -12.591 -5.872 22.759 -0.437 18.463 2.689 -0.000 0.000 0.000 -0.000 0.000 0.000 -0.000 0.000 0.000 7.731 5.475 0.417 -0.000 0.000 0.000 2.906 0.965 0.103 -0.000 0.000 0.000 10.279 0.732 0.026 -0.000 0.000 0.000 2.222 -0.733 -0.209 -0.000 0.000 0.000 -79.621 -2.361 -0.952 10.876 -4.691 -19.454 0.068 7.417 -1.048 -0.000 -0.000 0.000 -0.000 -0.000 0.000 -0.000 -0.000 0.000 -7.731 5.475 -0.417 -0.000 -0.000 0.000 -2.906 0.965 -0.103 -0.000 -0.000 0.000 -10.279 0.732 -0.026 -0.000 -0.000 0.000 -2.222 -0.733 0.209 -0.000 0.000 -0.000 9.938 -11.663 7.640 -0.244 36.757 0.808 -7.795 -25.255 -14.428 0.000 0.000 0.000 10.816 -18.294 0.910 0.434 45.467 -0.968 5.425 -19.921 11.296
-3.157 83.671 3.749 -5.123 -20.523 -1.593 3.617 16.705 3.129 0.204 -5.993 1.039 -12.278 -1.000 -5.209 14.536 8.899 -7.960 0.000 0.000 0.000 0.000 0.000 0.000 -0.000 -0.000 0.000 80.296 9.981 1.662 -12.438 -5.760 22.460 -0.449 18.705 2.727 -0.000 0.000 0.000 -0.000 0.000 0.000 -0.000 0.000 0.000 7.731 5.475 0.417 -0.000 0.000 0.000 2.906 0.965 0.103 -0.000 0.000 0.000 10.279 0.732 0.026 -0.000 0.000 0.000 2.222 -0.733 -0.209 -0.000 -0.000 0.000 -80.260 -2.588 -0.956 11.113 -4.845 -19.905 0.049 6.293 -0.888 -0.000 -0.000 -0.000 -0.000 -0.000 -0.000 -0.000 -0.000 -0.000 -7.731 5.475 -0.417 -0.000 -0.000 -0.000 -2.906 0.965 -0.103 -0.000 -0.000 -0.000 -10.279 0.732 -0.026 -0.000 -0.000 -0.000 -2.222 -0.733 0.209 -0.000 0.000 -0.000 10.766 -11.049 7.523 -0.229 35.970 0.784 -7.493 -24.916 -14.056 0.000 0.000 0.000 12.930 -20.493 3.157 0.549 49.145 -1.065 4.601 -17.758 10.088
-3.092 83.681 4.192 -5.286 -19.411 -1.556 4.563 17.546 2.465 0.313 -6.181 0.917 -11.598 -1.411 -4.761 13.300 8.692 -7.059 0.000 0.000 0.000 0.000 0.000 0.000 0.000 0.000 0.000 79.525 10.637 2.190 -12.377 -5.716 22.342 -0.451 18.745 2.734 -0.000 0.000 0.000 -0.000 0.000 0.000 -0.000 0.000 0.000 7.731 5.475 0.417 -0.000 0.000 0.000 2.906 0.965 0.103 -0.000 0.000 0.000 10.279 0.732 0.026 -0.000 0.000 0.000 2.222 -0.733 -0.209 0.000 0.000 0.000 -80.853 -1.678 -0.908 11.622 -5.187 -20.881 0.025 4.472 -0.630 -0.000 -0.000 0.000 -0.000 -0.000 0.000 -0.000 -0.000 0.000 -7.731 5.475 -0.417 -0.000 -0.000 0.000 -2.906 0.965 -0.103 -0.000 -0.000 0.000 -10.279 0.732 -0.026 -0.000 -0.000 0.000 -2.222 -0.733 0.209 -0.000 0.000 -0.000 11.143 -10.401 7.376 -0.214 35.474 0.793 -8.031 -25.284 -14.994 0.000 0.000 0.000 13.753 -23.482 3.544 0.696 52.896 -1.167 3.057 -14.597 7.112
-3.047 83.642 4.859 -5.333 -18.807 -1.670 5.335 18.350 2.216 0.116 -6.219 0.887 -11.245 -1.080 -4.375 12.973 7.788 -6.320 0.000 0.000 0.000 0.000 0.000 0.000 -0.000 0.000 0.000 79.243 9.715 2.858 -12.003 -5.451 21.615 -0.484 19.380 2.834 -0.000 0.000 0.000 -0.000 0.000 0.000 -0.000 0.000 0.000 7.731 5.475 0.417 -0.000 0.000 0.000 2.906 0.965 0.103 -0.000 0.000 0.000 10.279 0.732 0.026 -0.000 0.000 0.000 2.222 -0.733 -0.209 -0.000 0.000 0.000 -81.344 -0.252 -0.474 12.309 -5.668 -22.211 0.012 3.148 -0.443 -0.000 -0.000 -0.000 -0.000 -0.000 -0.000 -0.000 -0.000 -0.000 -7.731 5.475 -0.417 -0.000 -0.000 -0.000 -2.906 0.965 -0.103 -0.000 -0.000 -0.000 -10.279 0.732 -0.026 -0.000 -0.000 -0.000 -2.222 -0.733 0.209 -0.000 0.000 -0.000 11.264 -9.652 7.346 -0.201 35.153 0.813 -8.743 -25.701 -16.208 0.000 0.000 0.000 14.155 -26.069 3.645 0.842 56.057 -1.295 2.420 -12.619 5.787
-3.080 83.585 5.386 -5.293 -20.063 -0.944 5.091 18.563 3.767 0.141 -6.431 1.318 -10.937 -0.920 -4.285 12.551 7.101 -6.145 0.000 0.000 0.000 0.000 0.000 0.000 0.000 -0.000 -0.000 78.891 9.482 3.122 -12.073 -5.500 21.751 -0.579 21.100 3.109 0.000 -0.000 0.000 0.000 -0.000 0.000 0.000 -0.000 0.000 7.731 5.475 0.417 0.000 -0.000 0.000 2.906 0.965 0.103 0.000 -0.000 0.000 10.279 0.732 0.026 0.000 -0.000 0.000 2.222 -0.733 -0.209 0.000 -0.000 -0.000 -81.787 1.020 -0.000 12.751 -5.989 -23.073 0.009 2.688 -0.378 0.000 0.000 -0.000 0.000 0.000 -0.000 0.000 0.000 -0.000 -7.731 5.475 -0.417 0.000 0.000 -0.000 -2.906 0.965 -0.103 0.000 0.000 -0.000 -10.279 0.732 -0.026 0.000 0.000 -0.000 -2.222 -0.733 0.209 -0.000 0.000 -0.000 11.080 -9.880 7.983 -0.197 35.044 0.811 -7.990 -25.637 -14.845 0.000 0.000 0.000 15.053 -28.569 5.019 0.919 57.479 -1.358 1.654 -12.413 3.515
-3.035 83.509 6.057 -5.497 -19.534 -0.257 5.283 19.224 3.982 -0.217 -6.379 1.363 -10.528 -2.275 -4.299 12.432 7.662 -6.101 0.000 0.000 0.000 0.000 0.000 0.000 -0.000 -0.000 -0.000 78.948 9.344 4.195 -12.074 -5.501 21.753 -0.541 20.438 3.002 0.000 -0.000 0.000 0.000 -0.000 0.000 0.000 -0.000 0.000 7.731 5.475 0.417 0.000 -0.000 0.000 2.906 0.965 0.103 0.000 -0.000 0.000 10.279 0.732 0.026 0.000 -0.000 0.000 2.222 -0.733 -0.209 -0.000 -0.000 -0.000 -81.743 2.198 -0.291 13.044 -6.209 -23.650 0.006 2.181 -0.307 0.000 0.000 -0.000 0.000 0.000 -0.000 0.000 0.000 -0.000 -7.731 5.475 -0.417 0.000 0.000 -0.000 -2.906 0.965 -0.103 0.000 0.000 -0.000 -10.279 0.732 -0.026 0.000 0.000 -0.000 -2.222 -0.733 0.209 -0.000 0.000 -0.000 11.349 -9.826 8.311 -0.189 34.807 0.847 -8.971 -25.905 -16.533 0.000 0.000 0.000 15.291 -31.066 4.345 0.878 56.655 -1.301 1.314 -12.538 2.490
-3.038 83.630 7.272 -5.383 -19.904 0.251 5.332 18.548 3.069 0.727 -7.157 1.147 -11.685 0.879 -3.297 12.246 5.483 -4.131 0.000 0.000 0.000 0.000 0.000 0.000 -0.000 -0.000 0.000 77.726 13.348 3.233 -12.449 -5.768 22.482 -0.436 18.434 2.685 -0.000 0.000 0.000 -0.000 0.000 0.000 -0.000 0.000 0.000 7.731 5.475 0.417 -0.000 0.000 0.000 2.906 0.965 0.103 -0.000 0.000 0.000 10.279 0.732 0.026 -0.000 0.000 0.000 2.222 -0.733 -0.209 -0.000 -0.000 0.000 -83.546 0.613 2.703 13.300 -6.403 -24.157 0.008 2.542 -0.358 -0.000 -0.000 0.000 -0.000 -0.000 0.000 -0.000 -0.000 0.000 -7.731 5.475 -0.417 -0.000 -0.000 0.000 -2.906 0.965 -0.103 -0.000 -0.000 0.000 -10.279 0.732 -0.026 -0.000 -0.000 0.000 -2.222 -0.733 0.209 -0.000 0.000 -0.000 10.797 -8.888 8.749 -0.172 33.731 0.847 -9.132 -26.725 -16.433 0.000 0.000 0.000 14.816 -32.212 3.371 0.741 53.717 -1.157 1.947 -13.102 4.331
-3.001 83.661 8.401 -5.419 -19.386 1.021 5.179 19.081 3.478 0.084 -6.507 1.204 -11.226 -0.908 -3.361 11.979 5.342 -3.989 0.000 0.000 0.000 0.000 0.000 0.000 -0.000 -0.000 -0.000 77.861 12.995 4.871 -12.549 -5.841 22.678 -0.407 17.836 2.592 0.000 -0.000 0.000 0.000 -0.000 0.000 0.000 -0.000 0.000 7.731 5.475 0.417 0.000 -0.000 0.000 2.906 0.965 0.103 0.000 -0.000 0.000 10.279 0.732 0.026 0.000 -0.000 0.000 2.222 -0.733 -0.209 -0.000 -0.000 -0.000 -83.177 -0.017 1.642 12.901 -6.101 -23.367 0.012 3.143 -0.442 0.000 0.000 -0.000 0.000 0.000 -0.000 0.000 0.000 -0.000 -7.731 5.475 -0.417 0.000 0.000 -0.000 -2.906 0.965 -0.103 0.000 0.000 -0.000 -10.279 0.732 -0.026 0.000 0.000 -0.000 -2.222 -0.733 0.209 -0.000 0.000 -0.000 10.352 -8.263 8.559 -0.158 32.662 0.844 -9.498 -26.895 -16.967 0.000 0.000 0.000 14.351 -33.832 1.707 0.596 49.854 -0.983 2.537 -13.027 6.194
-3.038 83.724 9.750 -5.554 -19.465 1.477 5.014 20.037 4.052 -0.664 -5.915 1.314 -11.125 -1.865 -3.485 12.251 4.009 -3.931 0.000 0.000 0.000 0.000 0.000 0.000 -0.000 -0.000 0.000 77.985 13.601 6.414 -12.772 -6.005 23.114 -0.375 17.156 2.487 -0.000 0.000 0.000 -0.000 0.000 0.000 -0.000 0.000 0.000 7.731 5.475 0.417 -0.000 0.000 0.000 2.906 0.965 0.103 -0.000 0.000 0.000 10.279 0.732 0.026 -0.000 0.000 0.000 2.222 -0.733 -0.209 -0.000 -0.000 0.000 -82.805 -1.115 0.780 12.306 -5.666 -22.204 0.020 4.025 -0.567 -0.000 -0.000 0.000 -0.000 -0.000 0.000 -0.000 -0.000 0.000 -7.731 5.475 -0.417 -0.000 -0.000 0.000 -2.906 0.965 -0.103 -0.000 -0.000 0.000 -10.279 0.732 -0.026 -0.000 -0.000 0.000 -2.222 -0.733 0.209 -0.000 0.000 -0.000 9.939 -7.210 8.650 -0.148 31.653 0.828 -9.710 -27.054 -17.222 0.000 0.000 0.000 14.132 -34.896 -0.025 0.476 45.835 -0.818 2.952 -12.761 7.667
-2.995 83.722 11.069 -5.622 -18.929 2.233 4.401 21.343 4.612 -0.554 -6.407 1.447 -10.796 -4.005 -3.754 11.800 4.572 -4.211 0.000 0.000 0.000 0.000 0.000 0.000 0.000 0.000 0.000 77.604 14.661 7.382 -13.043 -6.208 23.648 -0.354 16.678 2.413 -0.000 0.000 -0.000 -0.000 0.000 -0.000 -0.000 0.000 -0.000 7.731 5.475 0.417 -0.000 0.000 -0.000 2.906 0.965 0.103 -0.000 0.000 -0.000 10.279 0.732 0.026 -0.000 0.000 -0.000 2.222 -0.733 -0.209 0.000 0.000 0.000 -82.747 -3.145 0.225 11.342 -4.998 -20.343 0.036 5.443 -0.767 -0.000 -0.000 0.000 -0.000 -0.000 0.000 -0.000 -0.000 0.000 -7.731 5.475 -0.417 -0.000 -0.000 0.000 -2.906 0.965 -0.103 -0.000 -0.000 0.000 -10.279 0.732 -0.026 -0.000 -0.000 0.000 -2.222 -0.733 0.209 -0.000 0.000 -0.000 9.459 -6.275 8.261 -0.135 30.311 0.798 -9.656 -27.182 -17.031 0.000 0.000 0.000 13.764 -36.538 -2.424 0.390 42.209 -0.679 3.077 -12.998 8.079
-3.060 83.620 12.599 -5.962 -19.066 2.870 4.065 22.444 5.100 -0.998 -6.183 1.544 -10.541 -5.059 -3.903 11.891 3.708 -4.311 0.000 0.000 0.000 0.000 0.000 0.000 0.000 0.000 -0.000 77.535 15.442 9.061 -13.167 -6.301 23.892 -0.333 16.202 2.340 0.000 -0.000 -0.000 0.000 -0.000 -0.000 0.000 -0.000 -0.000 7.731 5.475 0.417 0.000 -0.000 -0.000 2.906 0.965 0.103 0.000 -0.000 -0.000 10.279 0.732 0.026 0.000 -0.000 -0.000 2.222 -0.733 -0.209 0.000 0.000 -0.000 -82.346 -5.586 -0.475 10.632 -4.534 -18.991 0.092 8.622 -1.221 0.000 0.000 0.000 0.000 0.000 0.000 0.000 0.000 0.000 -7.731 5.475 -0.417 0.000 0.000 0.000 -2.906 0.965 -0.103 0.000 0.000 0.000 -10.279 0.732 -0.026 0.000 0.000 0.000 -2.222 -0.733 0.209 -0.000 0.000 -0.000 9.322 -5.040 8.602 -0.127 29.093 0.755 -8.652 -28.491 -14.734 0.000 0.000 0.000 13.612 -37.868 -5.455 0.334 39.539 -0.593 3.849 -13.948 10.068
-3.086 83.466 14.533 -5.963 -19.666 3.227 3.083 23.709 6.270 -1.259 -5.749 1.805 -10.273 -7.068 -4.196 11.800 3.698 -4.636 0.000 0.000 0.000 0.000 0.000 0.000 0.000 -0.000 -0.000 77.458 15.468 10.746 -13.210 -6.334 23.978 -0.332 16.164 2.335 0.000 -0.000 0.000 0.000 -0.000 0.000 0.000 -0.000 0.000 7.731 5.475 0.417 0.000 -0.000 0.000 2.906 0.965 0.103 0.000 -0.000 0.000 10.279 0.732 0.026 0.000 -0.000 0.000 2.222 -0.733 -0.209 0.000 -0.000 -0.000 -81.983 -8.450 -1.465 9.712 -3.968 -17.262 0.175 11.848 -1.689 0.000 0.000 -0.000 0.000 0.000 -0.000 0.000 0.000 -0.000 -7.731 5.475 -0.417 0.000 0.000 -0.000 -2.906 0.965 -0.103 0.000 0.000 -0.000 -10.279 0.732 -0.026 0.000 0.000 -0.000 -2.222 -0.733 0.209 -0.000 0.000 -0.000 8.882 -3.568 9.250 -0.112 28.010 0.762 -10.198 -26.840 -18.085 0.000 0.000 0.000 13.316 -38.501 -8.024 0.298 37.713 -0.554 4.910 -15.142 12.494
-3.264 83.295 16.785 -6.570 -21.011 3.790 2.549 24.569 7.803 -1.836 -5.178 2.177 -10.087 -8.556 -4.407 12.162 3.609 -4.881 0.000 0.000 0.000 0.000 0.000 0.000 0.000 0.000 0.000 77.553 15.769 12.064 -13.287 -6.393 24.130 -0.330 16.118 2.328 0.000 -0.000 -0.000 0.000 -0.000 -0.000 0.000 -0.000 -0.000 7.731 5.475 0.417 0.000 -0.000 -0.000 2.906 0.965 0.103 0.000 -0.000 -0.000 10.279 0.732 0.026 0.000 -0.000 -0.000 2.222 -0.733 -0.209 0.000 0.000 0.000 -81.418 -11.684 -2.001 8.909 -3.504 -15.771 0.280 14.888 -2.141 0.000 0.000 -0.000 0.000 0.000 -0.000 0.000 0.000 -0.000 -7.731 5.475 -0.417 0.000 0.000 -0.000 -2.906 0.965 -0.103 0.000 0.000 -0.000 -10.279 0.732 -0.026 0.000 0.000 -0.000 -2.222 -0.733 0.209 -0.000 0.000 -0.000 8.697 -1.710 9.910 -0.094 26.525 0.753 -10.623 -25.837 -19.334 0.000 0.000 0.000 13.943 -38.567 -10.071 0.278 36.837 -0.568 6.414 -16.795 15.420
-3.046 82.977 18.871 -6.290 -20.798 4.582 1.360 25.132 7.982 -1.801 -5.571 2.147 -9.696 -9.793 -4.391 11.842 4.271 -4.876 0.000 0.000 0.000 0.000 0.000 0.000 -0.000 -0.000 -0.000 77.510 16.437 12.788 -13.416 -6.493 24.387 -0.322 15.945 2.301 0.000 -0.000 0.000 0.000 -0.000 0.000 0.000 -0.000 0.000 7.731 5.475 0.417 0.000 -0.000 0.000 2.906 0.965 0.103 0.000 -0.000 0.000 10.279 0.732 0.026 0.000 -0.000 0.000 2.222 -0.733 -0.209 -0.000 -0.000 -0.000 -81.038 -15.892 -1.782 8.123 -3.076 -14.325 0.461 18.927 -2.762 0.000 0.000 -0.000 0.000 0.000 -0.000 0.000 0.000 -0.000 -7.731 5.475 -0.417 0.000 0.000 -0.000 -2.906 0.965 -0.103 0.000 0.000 -0.000 -10.279 0.732 -0.026 0.000 0.000 -0.000 -2.222 -0.733 0.209 -0.000 0.000 -0.000 8.019 -0.410 10.755 -0.079 25.305 0.764 -11.338 -26.906 -20.060 0.000 0.000 0.000 13.876 -39.803 -10.195 0.272 36.336 -0.536 6.419 -15.753 16.118
-2.898 82.633 21.253 -6.629 -21.314 5.610 1.847 25.162 5.880 -0.983 -5.995 1.623 -12.124 -10.088 -3.620 13.414 4.728 -2.309 0.000 0.000 0.000 0.000 0.000 0.000 -0.000 -0.000 -0.000 75.163 20.975 13.299 -13.747 -6.752 25.045 -0.279 14.863 2.138 0.000 -0.000 0.000 0.000 -0.000 0.000 0.000 -0.000 0.000 7.731 5.475 0.417 0.000 -0.000 0.000 2.906 0.965 0.103 0.000 -0.000 0.000 10.279 0.732 0.026 0.000 -0.000 0.000 2.222 -0.733 -0.209 -0.000 -0.000 -0.000 -82.193 -22.535 -0.205 7.780 -2.897 -13.699 0.637 22.060 -3.265 0.000 -0.000 -0.000 0.000 -0.000 -0.000 0.000 -0.000 -0.000 -7.731 5.475 -0.417 0.000 -0.000 -0.000 -2.906 0.965 -0.103 0.000 -0.000 -0.000 -10.279 0.732 -0.026 0.000 -0.000 -0.000 -2.222 -0.733 0.209 -0.000 0.000 -0.000 7.714 0.960 12.453 -0.066 24.295 0.779 -11.841 -27.937 -20.430 0.000 0.000 0.000 15.400 -40.613 -6.836 0.280 36.637 -0.526 5.883 -14.976 15.219
-2.598 82.648 24.272 -6.550 -23.105 6.291 0.160 23.549 9.065 -2.126 -7.029 2.344 -9.764 -4.384 -3.253 12.473 1.215 -3.156 0.000 0.000 0.000 0.000 0.000 0.000 0.000 -0.000 -0.000 77.972 19.847 9.301 -14.140 -7.068 25.835 -0.276 14.797 2.128 -0.000 -0.000 0.000 -0.000 -0.000 0.000 -0.000 -0.000 0.000 7.731 5.475 0.417 -0.000 -0.000 0.000 2.906 0.965 0.103 -0.000 -0.000 0.000 10.279 0.732 0.026 -0.000 -0.000 0.000 2.222 -0.733 -0.209 0.000 -0.000 -0.000 -79.133 -23.287 2.860 7.226 -2.619 -12.693 0.798 24.504 -3.673 0.000 -0.000 -0.000 0.000 -0.000 -0.000 0.000 -0.000 -0.000 -7.731 5.475 -0.417 0.000 -0.000 -0.000 -2.906 0.965 -0.103 0.000 -0.000 -0.000 -10.279 0.732 -0.026 0.000 -0.000 -0.000 -2.222 -0.733 0.209 -0.000 0.000 -0.000 6.466 2.203 14.799 -0.060 23.993 0.792 -12.371 -27.757 -21.424 0.000 0.000 0.000 15.346 -39.770 -5.382 0.295 37.040 -0.492 4.759 -11.218 14.583
-1.819 82.484 27.316 -5.383 -23.364 6.659 -1.390 23.741 9.141 -1.973 -7.586 2.274 -10.171 -3.680 -3.245 13.098 -0.069 -2.973 0.000 0.000 0.000 0.000 0.000 0.000 0.000 -0.000 -0.000 77.736 20.815 8.589 -14.639 -7.482 26.849 -0.250 14.105 2.024 0.000 -0.000 -0.000 0.000 -0.000 -0.000 0.000 -0.000 -0.000 7.731 5.475 0.417 0.000 -0.000 -0.000 2.906 0.965 0.103 0.000 -0.000 -0.000 10.279 0.732 0.026 0.000 -0.000 -0.000 2.222 -0.733 -0.209 0.000 -0.000 -0.000 -78.800 -27.069 3.441 6.800 -2.412 -11.923 1.069 27.995 -4.285 -0.000 0.000 -0.000 -0.000 0.000 -0.000 -0.000 0.000 -0.000 -7.731 5.475 -0.417 -0.000 0.000 -0.000 -2.906 0.965 -0.103 -0.000 0.000 -0.000 -10.279 0.732 -0.026 -0.000 0.000 -0.000 -2.222 -0.733 0.209 -0.000 0.000 -0.000 4.186 3.574 15.162 -0.051 23.512 0.795 -11.432 -26.766 -20.394 0.000 0.000 0.000 14.287 -40.430 -3.106 0.329 38.514 -0.497 3.178 -7.565 11.523
-1.193 82.738 30.529 -4.779 -23.032 6.855 -2.278 24.478 8.664 -1.730 -7.609 2.092 -10.105 -3.561 -3.174 12.878 -1.422 -2.719 0.000 0.000 0.000 0.000 0.000 0.000 -0.000 -0.000 0.000 77.715 20.071 8.307 -14.742 -7.569 27.059 -0.271 14.666 2.108 0.000 -0.000 -0.000 0.000 -0.000 -0.000 0.000 -0.000 -0.000 7.731 5.475 0.417 0.000 -0.000 -0.000 2.906 0.965 0.103 0.000 -0.000 -0.000 10.279 0.732 0.026 0.000 -0.000 -0.000 2.222 -0.733 -0.209 -0.000 -0.000 0.000 -79.022 -31.031 2.657 6.235 -2.150 -10.907 1.513 32.643 -5.165 0.000 0.000 0.000 0.000 0.000 0.000 0.000 0.000 0.000 -7.731 5.475 -0.417 0.000 0.000 0.000 -2.906 0.965 -0.103 0.000 0.000 0.000 -10.279 0.732 -0.026 0.000 0.000 0.000 -2.222 -0.733 0.209 -0.000 0.000 -0.000 2.598 3.880 14.819 -0.066 25.009 0.792 -10.177 -24.832 -19.130 0.000 0.000 0.000 13.100 -39.880 -1.704 0.347 39.306 -0.503 2.495 -6.000 9.655
-0.578 83.297 33.753 -4.939 -23.449 7.809 -2.487 24.353 8.769 -1.726 -7.382 2.111 -9.450 -3.895 -2.993 11.742 -1.083 -2.578 0.000 0.000 0.000 0.000 0.000 0.000 0.000 0.000 -0.000 77.688 19.011 7.907 -14.831 -7.645 27.241 -0.264 14.470 2.078 -0.000 -0.000 -0.000 -0.000 -0.000 -0.000 -0.000 -0.000 -0.000 7.731 5.475 0.417 -0.000 -0.000 -0.000 2.906 0.965 0.103 -0.000 -0.000 -0.000 10.279 0.732 0.026 -0.000 -0.000 -0.000 2.222 -0.733 -0.209 0.000 0.000 -0.000 -79.788 -36.953 1.469 5.531 -1.839 -9.648 2.489 40.137 -6.806 -0.000 0.000 -0.000 -0.000 0.000 -0.000 -0.000 0.000 -0.000 -7.731 5.475 -0.417 -0.000 0.000 -0.000 -2.906 0.965 -0.103 -0.000 0.000 -0.000 -10.279 0.732 -0.026 -0.000 0.000 -0.000 -2.222 -0.733 0.209 -0.000 0.000 -0.000 1.514 2.215 13.988 -0.106 27.840 0.748 -8.419 -18.684 -19.160 0.000 0.000 0.000 12.226 -38.896 -1.012 0.351 39.674 -0.530 2.858 -7.588 10.117
0.053 83.915 36.818 -4.611 -23.578 8.665 -3.509 24.260 8.716 -1.378 -7.726 2.050 -9.304 -4.022 -3.073 11.767 -0.281 -2.853 0.000 0.000 0.000 0.000 0.000 0.000 0.000 0.000 0.000 77.771 17.928 7.126 -14.810 -7.627 27.198 -0.255 14.229 2.042 0.000 0.000 -0.000 0.000 0.000 -0.000 0.000 0.000 -0.000 7.731 5.475 0.417 0.000 0.000 -0.000 2.906 0.965 0.103 0.000 0.000 -0.000 10.279 0.732 0.026 0.000 0.000 -0.000 2.222 -0.733 -0.209 0.000 0.000 0.000 -80.612 -36.644 0.076 5.531 -1.839 -9.648 2.483 40.099 -6.796 -0.000 0.000 0.000 -0.000 0.000 0.000 -0.000 0.000 0.000 -7.731 5.475 -0.417 -0.000 0.000 0.000 -2.906 0.965 -0.103 -0.000 0.000 0.000 -10.279 0.732 -0.026 -0.000 0.000 0.000 -2.222 -0.733 0.209 -0.000 0.000 -0.000 0.438 -0.823 12.737 -0.182 32.403 0.707 -6.361 -13.783 -17.433 0.000 0.000 0.000 10.462 -37.728 -0.854 0.344 39.311 -0.507 3.018 -9.078 9.945
0.654 84.337 40.047 -4.094 -23.208 9.118 -4.510 24.451 7.959 -0.896 -8.013 1.797 -8.819 -4.841 -2.708 11.322 1.269 -2.338 0.000 0.000 0.000 0.000 0.000 0.000 0.000 0.000 -0.000 77.634 18.105 5.877 -15.060 -7.843 27.713 -0.210 12.947 1.852 -0.000 0.000 -0.000 -0.000 0.000 -0.000 -0.000 0.000 -0.000 7.731 5.475 0.417 -0.000 0.000 -0.000 2.906 0.965 0.103 -0.000 0.000 -0.000 10.279 0.732 0.026 -0.000 0.000 -0.000 2.222 -0.733 -0.209 0.000 0.000 -0.000 -81.064 -29.291 -1.337 5.898 -1.998 -10.304 1.777 34.960 -5.639 -0.000 0.000 0.000 -0.000 0.000 0.000 -0.000 0.000 0.000 -7.731 5.475 -0.417 -0.000 0.000 0.000 -2.906 0.965 -0.103 -0.000 0.000 0.000 -10.279 0.732 -0.026 -0.000 0.000 0.000 -2.222 -0.733 0.209 -0.000 0.000 -0.000 -0.542 -4.702 11.066 -0.306 37.859 0.598 -3.917 -2.379 -22.880 0.000 0.000 0.000 7.736 -36.236 -2.325 0.335 38.925 -0.469 3.416 -11.444 10.245
1.162 84.589 43.036 -3.369 -22.983 9.588 -5.950 24.466 7.412 -0.270 -8.266 1.589 -6.959 -6.767 -2.125 8.946 4.361 -1.858 0.000 0.000 0.000 0.000 0.000 0.000 0.000 0.000 -0.000 77.941 17.136 5.022 -14.986 -7.778 27.559 -0.206 12.833 1.835 0.000 -0.000 -0.000 0.000 -0.000 -0.000 0.000 -0.000 -0.000 7.731 5.475 0.417 0.000 -0.000 -0.000 2.906 0.965 0.103 0.000 -0.000 -0.000 10.279 0.732 0.026 0.000 -0.000 -0.000 2.222 -0.733 -0.209 0.000 0.000 -0.000 -81.239 -23.780 -3.439 6.199 -2.133 -10.842 1.301 30.558 -4.760 -0.000 0.000 0.000 -0.000 0.000 0.000 -0.000 0.000 0.000 -7.731 5.475 -0.417 -0.000 0.000 0.000 -2.906 0.965 -0.103 -0.000 0.000 0.000 -10.279 0.732 -0.026 -0.000 0.000 0.000 -2.222 -0.733 0.209 -0.000 0.000 -0.000 -1.539 -9.503 8.934 -0.461 44.518 0.718 -4.175 -2.386 -23.368 0.000 0.000 0.000 5.881 -34.892 -1.725 0.323 38.411 -0.415 3.395 -12.618 9.850
1.501 84.780 46.144 -2.154 -23.593 9.393 -8.406 24.708 7.267 0.536 -8.477 1.441 -8.872 -3.183 -2.797 12.475 -0.231 -2.596 0.000 0.000 0.000 0.000 0.000 0.000 -0.000 0.000 0.000 78.391 17.016 3.996 -14.945 -7.743 27.475 -0.195 12.492 1.784 -0.000 0.000 -0.000 -0.000 0.000 -0.000 -0.000 0.000 -0.000 7.731 5.475 0.417 -0.000 0.000 -0.000 2.906 0.965 0.103 -0.000 0.000 -0.000 10.279 0.732 0.026 -0.000 0.000 -0.000 2.222 -0.733 -0.209 -0.000 0.000 0.000 -80.912 -19.893 -5.592 6.512 -2.277 -11.405 0.999 27.160 -4.135 -0.000 -0.000 0.000 -0.000 -0.000 0.000 -0.000 -0.000 0.000 -7.731 5.475 -0.417 -0.000 -0.000 0.000 -2.906 0.965 -0.103 -0.000 -0.000 0.000 -10.279 0.732 -0.026 -0.000 -0.000 0.000 -2.222 -0.733 0.209 -0.000 0.000 -0.000 -2.951 -14.296 7.507 -0.684 51.333 0.907 -4.019 -2.129 -22.162 0.000 0.000 0.000 3.923 -32.480 -0.525 0.300 37.618 -0.375 3.440 -14.919 9.179
1.642 84.719 49.283 -1.630 -23.976 9.507 -9.659 24.850 7.014 0.966 -8.172 1.311 -8.904 -3.505 -3.000 12.667 0.156 -2.985 0.000 0.000 0.000 0.000 0.000 0.000 0.000 -0.000 -0.000 78.729 16.214 3.741 -14.733 -7.562 27.042 -0.187 12.232 1.746 0.000 -0.000 -0.000 0.000 -0.000 -0.000 0.000 -0.000 -0.000 7.731 5.475 0.417 0.000 -0.000 -0.000 2.906 0.965 0.103 0.000 -0.000 -0.000 10.279 0.732 0.026 0.000 -0.000 -0.000 2.222 -0.733 -0.209 0.000 -0.000 -0.000 -80.788 -17.634 -9.232 6.618 -2.326 -11.595 0.923 26.201 -3.966 0.000 0.000 -0.000 0.000 0.000 -0.000 0.000 0.000 -0.000 -7.731 5.475 -0.417 0.000 0.000 -0.000 -2.906 0.965 -0.103 0.000 0.000 -0.000 -10.279 0.732 -0.026 0.000 0.000 -0.000 -2.222 -0.733 0.209 -0.000 0.000 -0.000 -3.175 -18.960 6.828 -0.946 56.955 1.134 -3.220 -1.067 -19.085 0.000 0.000 0.000 2.382 -30.466 -0.076 0.285 37.403 -0.380 3.583 -16.784 8.970
1.752 84.569 52.499 -0.960 -24.056 9.435 -10.579 25.306 6.236 1.479 -8.359 1.065 -8.778 -3.577 -2.997 12.304 0.575 -3.060 0.000 0.000 0.000 0.000 0.000 0.000 0.000 0.000 -0.000 79.033 15.614 3.268 -14.520 -7.382 26.607 -0.178 11.935 1.702 0.000 -0.000 -0.000 0.000 -0.000 -0.000 0.000 -0.000 -0.000 7.731 5.475 0.417 0.000 -0.000 -0.000 2.906 0.965 0.103 0.000 -0.000 -0.000 10.279 0.732 0.026 0.000 -0.000 -0.000 2.222 -0.733 -0.209 0.000 0.000 -0.000 -81.738 -20.596 -12.989 6.250 -2.156 -10.933 1.232 29.833 -4.623 0.000 0.000 -0.000 0.000 0.000 -0.000 0.000 0.000 -0.000 -7.731 5.475 -0.417 0.000 0.000 -0.000 -2.906 0.965 -0.103 0.000 0.000 -0.000 -10.279 0.732 -0.026 0.000 0.000 -0.000 -2.222 -0.733 0.209 -0.000 0.000 -0.000 -3.183 -23.248 6.391 -1.204 61.160 1.409 -2.801 -1.567 -15.165 0.000 0.000 0.000 0.439 -28.571 -0.532 0.271 37.451 -0.429 3.835 -18.315 9.102
1.662 84.308 55.708 -0.729 -24.455 10.009 -10.783 24.679 5.304 1.782 -8.288 0.844 -8.927 -2.792 -2.840 12.421 0.347 -2.798 0.000 0.000 0.000 0.000 0.000 0.000 -0.000 0.000 0.000 79.536 14.779 2.306 -14.138 -7.066 25.831 -0.208 12.889 1.843 -0.000 0.000 -0.000 -0.000 0.000 -0.000 -0.000 0.000 -0.000 7.731 5.475 0.417 -0.000 0.000 -0.000 2.906 0.965 0.103 -0.000 0.000 -0.000 10.279 0.732 0.026 -0.000 0.000 -0.000 2.222 -0.733 -0.209 -0.000 0.000 0.000 -80.884 -17.147 -15.743 6.790 -2.408 -11.905 0.939 26.402 -4.001 -0.000 -0.000 0.000 -0.000 -0.000 0.000 -0.000 -0.000 0.000 -7.731 5.475 -0.417 -0.000 -0.000 0.000 -2.906 0.965 -0.103 -0.000 -0.000 0.000 -10.279 0.732 -0.026 -0.000 -0.000 0.000 -2.222 -0.733 0.209 -0.000 0.000 -0.000 -2.538 -27.798 6.466 -1.403 63.741 1.630 -2.441 -1.319 -13.194 0.000 0.000 0.000 -1.117 -27.115 -1.131 0.258 37.756 -0.530 4.616 -20.818 10.059
1.439 83.866 59.006 -0.419 -25.222 10.337 -11.217 24.482 4.432 2.423 -8.414 0.647 -8.871 -3.182 -2.694 12.225 1.198 -2.571 0.000 0.000 0.000 0.000 0.000 0.000 0.000 0.000 -0.000 79.703 14.428 1.542 -13.811 -6.803 25.176 -0.230 13.531 1.938 -0.000 -0.000 -0.000 -0.000 -0.000 -0.000 -0.000 -0.000 -0.000 7.731 5.475 0.417 -0.000 -0.000 -0.000 2.906 0.965 0.103 -0.000 -0.000 -0.000 10.279 0.732 0.026 -0.000 -0.000 -0.000 2.222 -0.733 -0.209 0.000 0.000 -0.000 -79.285 -12.791 -18.211 7.535 -2.773 -13.254 0.599 21.444 -3.165 -0.000 0.000 0.000 -0.000 0.000 0.000 -0.000 0.000 0.000 -7.731 5.475 -0.417 -0.000 0.000 0.000 -2.906 0.965 -0.103 -0.000 0.000 0.000 -10.279 0.732 -0.026 -0.000 0.000 0.000 -2.222 -0.733 0.209 -0.000 0.000 -0.000 -1.608 -31.876 7.093 -1.515 65.157 1.814 -2.648 -3.785 -11.406 0.000 0.000 0.000 -2.461 -25.368 -1.210 0.247 38.209 -0.665 5.478 -23.208 11.009
1.067 83.256 62.244 -0.364 -26.345 10.896 -11.531 24.043 3.734 2.959 -8.471 0.512 -7.735 -4.399 -2.319 10.675 3.128 -2.230 0.000 0.000 0.000 0.000 0.000 0.000 -0.000 -0.000 0.000 80.228 13.727 0.610 -13.616 -6.649 24.784 -0.265 14.490 2.082 -0.000 -0.000 0.000 -0.000 -0.000 0.000 -0.000 -0.000 0.000 7.731 5.475 0.417 -0.000 -0.000 0.000 2.906 0.965 0.103 -0.000 -0.000 0.000 10.279 0.732 0.026 -0.000 -0.000 0.000 2.222 -0.733 -0.209 -0.000 -0.000 0.000 -76.795 -7.913 -20.288 8.631 -3.350 -15.258 0.312 15.696 -2.263 -0.000 -0.000 -0.000 -0.000 -0.000 -0.000 -0.000 -0.000 -0.000 -7.731 5.475 -0.417 -0.000 -0.000 -0.000 -2.906 0.965 -0.103 -0.000 -0.000 -0.000 -10.279 0.732 -0.026 -0.000 -0.000 -0.000 -2.222 -0.733 0.209 -0.000 0.000 -0.000 0.002 -36.199 8.244 -1.527 65.496 1.903 -3.176 -6.440 -11.509 0.000 0.000 0.000 -3.677 -23.955 -1.633 0.243 38.960 -0.820 6.230 -25.483 11.615
0.552 82.857 65.725 -0.148 -26.653 11.015 -11.331 24.408 2.534 3.531 -8.425 0.240 -7.391 -5.009 -2.104 9.921 3.354 -1.853 0.000 0.000 0.000 0.000 0.000 0.000 -0.000 0.000 0.000 80.311 12.334 0.233 -13.256 -6.369 24.069 -0.279 14.879 2.140 -0.000 0.000 0.000 -0.000 0.000 0.000 -0.000 0.000 0.000 7.731 5.475 0.417 -0.000 0.000 0.000 2.906 0.965 0.103 -0.000 0.000 0.000 10.279 0.732 0.026 -0.000 0.000 0.000 2.222 -0.733 -0.209 -0.000 0.000 0.000 -74.200 -3.684 -22.629 9.630 -3.919 -17.109 0.160 11.316 -1.612 -0.000 -0.000 0.000 -0.000 -0.000 0.000 -0.000 -0.000 0.000 -7.731 5.475 -0.417 -0.000 -0.000 0.000 -2.906 0.965 -0.103 -0.000 -0.000 0.000 -10.279 0.732 -0.026 -0.000 -0.000 0.000 -2.222 -0.733 0.209 -0.000 0.000 -0.000 1.179 -39.295 8.843 -1.388 64.228 1.842 -3.818 -10.110 -11.405 0.000 0.000 0.000 -4.941 -21.694 -2.194 0.225 38.895 -0.951 7.545 -26.697 13.563
-0.188 82.553 69.484 -0.050 -27.563 10.962 -11.312 24.819 1.581 3.905 -8.104 -0.004 -6.471 -6.113 -1.670 8.797 4.144 -1.242 0.000 0.000 0.000 0.000 0.000 0.000 -0.000 -0.000 0.000 80.634 10.594 -0.075 -13.043 -6.207 23.647 -0.297 15.316 2.206 0.000 0.000 -0.000 0.000 0.000 -0.000 0.000 0.000 -0.000 7.731 5.475 0.417 0.000 0.000 -0.000 2.906 0.965 0.103 0.000 0.000 -0.000 10.279 0.732 0.026 0.000 0.000 -0.000 2.222 -0.733 -0.209 -0.000 -0.000 0.000 -70.758 0.213 -24.797 10.454 -4.422 -18.656 0.067 7.355 -1.039 -0.000 0.000 0.000 0.000 0.000 0.000 -0.000 0.000 0.000 -7.731 5.475 -0.417 -0.000 0.000 0.000 -2.906 0.965 -0.103 -0.000 0.000 0.000 -10.279 0.732 -0.026 -0.000 0.000 0.000 -2.222 -0.733 0.209 -0.000 0.000 -0.000 2.383 -41.722 10.022 -1.181 61.817 1.687 -4.079 -13.152 -10.653 0.000 0.000 0.000 -6.299 -18.505 -2.871 0.190 37.900 -1.054 9.081 -27.049 16.142
-1.018 82.399 73.080 0.211 -28.292 11.363 -11.598 25.210 0.938 4.458 -8.015 -0.157 -6.793 -5.127 -1.621 9.481 1.859 -0.960 0.000 0.000 0.000 0.000 0.000 0.000 0.000 0.000 -0.000 80.954 8.660 -0.430 -13.030 -6.198 23.622 -0.287 15.078 2.170 -0.000 0.000 -0.000 -0.000 0.000 -0.000 -0.000 0.000 -0.000 7.731 5.475 0.417 -0.000 0.000 -0.000 2.906 0.965 0.103 -0.000 0.000 -0.000 10.279 0.732 0.026 -0.000 0.000 -0.000 2.222 -0.733 -0.209 0.000 0.000 -0.000 -67.913 2.718 -27.126 11.792 -5.304 -21.207 0.025 4.535 -0.639 0.000 0.000 0.000 0.000 0.000 0.000 0.000 0.000 0.000 -7.731 5.475 -0.417 0.000 0.000 0.000 -2.906 0.965 -0.103 0.000 0.000 0.000 -10.279 0.732 -0.026 0.000 0.000 0.000 -2.222 -0.733 0.209 -0.000 0.000 -0.000 3.729 -44.469 12.164 -0.962 58.538 1.498 -4.375 -15.684 -10.420 0.000 0.000 0.000 -7.128 -15.600 -2.386 0.149 36.252 -1.114 9.508 -26.507 17.101
-1.987 82.355 76.841 0.421 -28.453 11.698 -11.313 25.496 -0.432 4.820 -7.877 -0.491 -6.722 -4.553 -1.428 9.821 0.824 -0.586 0.000 0.000 0.000 0.000 0.000 0.000 -0.000 -0.000 -0.000 81.311 6.925 -0.862 -12.952 -6.139 23.468 -0.268 14.587 2.096 0.000 -0.000 0.000 0.000 -0.000 0.000 0.000 -0.000 0.000 7.731 5.475 0.417 0.000 -0.000 0.000 2.906 0.965 0.103 0.000 -0.000 0.000 10.279 0.732 0.026 0.000 -0.000 0.000 2.222 -0.733 -0.209 -0.000 -0.000 -0.000 -64.851 4.139 -29.185 12.463 -5.779 -22.510 0.019 3.920 -0.552 0.000 -0.000 -0.000 0.000 -0.000 -0.000 0.000 -0.000 -0.000 -7.731 5.475 -0.417 0.000 -0.000 -0.000 -2.906 0.965 -0.103 0.000 -0.000 -0.000 -10.279 0.732 -0.026 0.000 -0.000 -0.000 -2.222 -0.733 0.209 -0.000 0.000 -0.000 4.806 -46.558 14.361 -0.766 54.750 1.315 -4.771 -17.262 -10.856 0.000 0.000 0.000 -7.862 -12.162 -2.702 0.106 33.971 -1.136 9.189 -25.652 16.901
-3.108 82.501 80.676 0.545 -28.845 12.395 -10.972 25.141 -1.804 5.453 -7.910 -0.776 -7.249 -3.225 -1.254 10.179 -0.174 -0.141 0.000 0.000 0.000 0.000 0.000 0.000 0.000 -0.000 -0.000 81.109 6.639 -1.772 -13.006 -6.180 23.575 -0.201 12.671 1.811 0.000 -0.000 -0.000 0.000 -0.000 -0.000 0.000 -0.000 -0.000 7.731 5.475 0.417 0.000 -0.000 -0.000 2.906 0.965 0.103 0.000 -0.000 -0.000 10.279 0.732 0.026 0.000 -0.000 -0.000 2.222 -0.733 -0.209 0.000 -0.000 -0.000 -63.123 4.563 -30.044 13.007 -6.180 -23.577 0.006 2.240 -0.315 0.000 -0.000 -0.000 0.000 -0.000 -0.000 0.000 -0.000 -0.000 -7.731 5.475 -0.417 0.000 -0.000 -0.000 -2.906 0.965 -0.103 0.000 -0.000 -0.000 -10.279 0.732 -0.026 0.000 -0.000 -0.000 -2.222 -0.733 0.209 -0.000 0.000 -0.000 5.931 -48.702 16.900 -0.608 50.755 1.144 -4.915 -17.145 -11.355 0.000 0.000 0.000 -8.619 -9.109 -3.484 0.065 31.476 -1.139 9.138 -23.594 17.847
-4.285 82.556 85.029 1.204 -28.351 12.518 -10.494 25.448 -3.543 5.895 -7.780 -1.201 -7.097 -3.821 -1.083 9.676 0.490 0.155 0.000 0.000 0.000 0.000 0.000 0.000 -0.000 -0.000 0.000 81.049 6.816 -2.355 -13.439 -6.511 24.433 -0.096 8.817 1.249 -0.000 0.000 0.000 -0.000 0.000 0.000 -0.000 0.000 0.000 7.731 5.475 0.417 -0.000 0.000 0.000 2.906 0.965 0.103 -0.000 0.000 0.000 10.279 0.732 0.026 -0.000 0.000 0.000 2.222 -0.733 -0.209 -0.000 -0.000 0.000 -61.904 5.467 -30.705 13.679 -6.699 -24.911 0.002 1.253 -0.176 -0.000 -0.000 0.000 -0.000 -0.000 0.000 -0.000 -0.000 0.000 -7.731 5.475 -0.417 -0.000 -0.000 0.000 -2.906 0.965 -0.103 -0.000 -0.000 0.000 -10.279 0.732 -0.026 -0.000 -0.000 0.000 -2.222 -0.733 0.209 -0.000 0.000 -0.000 5.073 -50.333 17.135 -0.515 47.778 1.028 -4.436 -16.034 -10.678 0.000 0.000 0.000 -9.419 -5.231 -4.246 0.023 28.503 -1.105 7.980 -20.441 17.316
-5.859 82.438 89.516 1.214 -28.459 12.732 -9.981 26.047 -4.304 6.231 -7.843 -1.359 -6.786 -4.981 -1.139 8.759 1.827 -0.033 0.000 0.000 0.000 0.000 0.000 0.000 0.000 0.000 0.000 81.045 7.051 -2.703 -13.865 -6.846 25.282 -0.037 5.459 0.770 -0.000 -0.000 0.000 -0.000 -0.000 0.000 -0.000 -0.000 0.000 7.731 5.475 0.417 -0.000 -0.000 0.000 2.906 0.965 0.103 -0.000 -0.000 0.000 10.279 0.732 0.026 -0.000 -0.000 0.000 2.222 -0.733 -0.209 0.000 0.000 0.000 -59.486 7.164 -31.674 13.895 -6.870 -25.344 0.000 0.557 -0.078 -0.000 -0.000 -0.000 -0.000 -0.000 -0.000 -0.000 -0.000 -0.000 -7.731 5.475 -0.417 -0.000 -0.000 -0.000 -2.906 0.965 -0.103 -0.000 -0.000 -0.000 -10.279 0.732 -0.026 -0.000 -0.000 -0.000 -2.222 -0.733 0.209 -0.000 0.000 -0.000 5.400 -51.702 17.512 -0.476 46.272 0.959 -3.578 -12.724 -9.790 0.000 0.000 0.000 -9.427 -1.193 -3.964 -0.012 25.857 -1.069 6.188 -16.427 15.659
-7.740 82.186 94.153 0.283 -26.946 13.420 -7.122 26.363 -6.958 6.311 -7.792 -1.909 -6.770 -4.990 -0.839 8.036 1.590 0.582 0.000 0.000 0.000 0.000 0.000 0.000 -0.000 -0.000 -0.000 80.847 8.820 -2.806 -14.613 -7.460 26.795 -0.006 2.118 0.298 0.000 -0.000 0.000 0.000 -0.000 0.000 0.000 -0.000 0.000 7.731 5.475 0.417 0.000 -0.000 0.000 2.906 0.965 0.103 0.000 -0.000 0.000 10.279 0.732 0.026 0.000 -0.000 0.000 2.222 -0.733 -0.209 -0.000 -0.000 -0.000 -59.279 7.185 -30.279 15.009 -7.798 -27.608 0.000 -0.128 0.018 -0.000 0.000 0.000 -0.000 0.000 0.000 -0.000 0.000 0.000 -7.731 5.475 -0.417 -0.000 0.000 0.000 -2.906 0.965 -0.103 -0.000 0.000 0.000 -10.279 0.732 -0.026 -0.000 0.000 0.000 -2.222 -0.733 0.209 -0.000 0.000 -0.000 5.565 -52.055 15.665 -0.503 47.148 0.979 -2.831 -10.984 -8.089 0.000 0.000 0.000 -7.750 1.419 -4.333 -0.021 25.310 -1.044 4.102 -11.837 12.580
-9.885 81.231 98.962 -0.588 -28.903 14.193 -7.036 25.842 -6.379 6.537 -7.568 -1.738 -6.725 -5.182 -0.626 7.293 1.975 0.986 0.000 0.000 0.000 0.000 0.000 0.000 0.000 0.000 0.000 80.566 8.855 -2.190 -15.003 -7.793 27.595 -0.005 2.035 0.286 -0.000 0.000 -0.000 -0.000 0.000 -0.000 -0.000 0.000 -0.000 7.731 5.475 0.417 -0.000 0.000 -0.000 2.906 0.965 0.103 -0.000 0.000 -0.000 10.279 0.732 0.026 -0.000 0.000 -0.000 2.222 -0.733 -0.209 0.000 0.000 0.000 -59.989 6.087 -27.695 16.141 -8.819 -29.970 0.005 -2.076 0.292 0.000 0.000 0.000 0.000 0.000 0.000 0.000 0.000 0.000 -7.731 5.475 -0.417 0.000 0.000 0.000 -2.906 0.965 -0.103 0.000 0.000 0.000 -10.279 0.732 -0.026 0.000 0.000 0.000 -2.222 -0.733 0.209 -0.000 0.000 -0.000 7.258 -52.315 14.955 -0.631 51.166 1.128 -2.371 -9.506 -7.090 0.000 0.000 0.000 -7.386 2.837 -0.863 -0.007 26.511 -1.042 2.528 -5.616 11.001
-12.012 80.556 104.368 -0.895 -28.306 14.101 -4.695 25.610 -7.797 6.322 -7.842 -2.004 -7.283 -4.650 -0.367 6.709 2.764 1.569 0.000 0.000 0.000 0.000 0.000 0.000 0.000 0.000 -0.000 79.584 9.600 -1.615 -15.572 -8.296 28.775 -0.000 0.490 0.069 -0.000 -0.000 -0.000 -0.000 -0.000 -0.000 -0.000 -0.000 -0.000 7.731 5.475 0.417 -0.000 -0.000 -0.000 2.906 0.965 0.103 -0.000 -0.000 -0.000 10.279 0.732 0.026 -0.000 -0.000 -0.000 2.222 -0.733 -0.209 0.000 0.000 -0.000 -61.888 3.378 -24.398 16.809 -9.461 -31.400 0.007 -2.471 0.347 0.000 -0.000 -0.000 0.000 -0.000 -0.000 0.000 -0.000 -0.000 -7.731 5.475 -0.417 0.000 -0.000 -0.000 -2.906 0.965 -0.103 0.000 -0.000 -0.000 -10.279 0.732 -0.026 0.000 -0.000 -0.000 -2.222 -0.733 0.209 -0.000 0.000 -0.000 7.029 -49.272 13.598 -0.736 53.909 1.251 -3.228 -13.494 -8.308 0.000 0.000 0.000 -6.217 2.488 1.585 0.078 30.593 -0.953 0.912 3.078 9.671
-14.148 79.340 109.507 -1.532 -29.394 14.017 -2.944 25.456 -7.441 6.012 -7.901 -1.832 -6.770 -4.950 -0.054 4.836 4.182 1.992 0.000 0.000 0.000 0.000 0.000 0.000 0.000 -0.000 -0.000 78.717 9.523 0.187 -16.301 -8.970 30.312 -0.000 -0.607 -0.085 0.000 -0.000 -0.000 0.000 -0.000 -0.000 0.000 -0.000 -0.000 7.731 5.475 0.417 0.000 -0.000 -0.000 2.906 0.965 0.103 0.000 -0.000 -0.000 10.279 0.732 0.026 0.000 -0.000 -0.000 2.222 -0.733 -0.209 0.000 -0.000 -0.000 -62.852 0.179 -20.582 17.494 -10.152 -32.894 0.010 -2.923 0.411 0.000 0.000 -0.000 0.000 0.000 -0.000 0.000 0.000 -0.000 -7.731 5.475 -0.417 0.000 0.000 -0.000 -2.906 0.965 -0.103 0.000 0.000 -0.000 -10.279 0.732 -0.026 0.000 0.000 -0.000 -2.222 -0.733 0.209 -0.000 0.000 -0.000 9.180 -46.232 16.190 -0.889 56.932 1.342 -4.017 -17.012 -9.186 0.000 0.000 0.000 -4.408 -0.496 5.952 0.275 39.392 -0.892 -0.527 11.897 10.325
-16.292 78.211 114.477 -3.839 -29.467 14.158 2.068 26.643 -7.777 5.168 -8.445 -1.639 -6.883 -5.152 0.156 3.699 4.524 2.490 0.000 0.000 0.000 0.000 0.000 0.000 0.000 -0.000 -0.000 77.094 10.201 3.275 -17.145 -9.796 32.129 -0.003 -1.602 -0.225 0.000 -0.000 -0.000 0.000 -0.000 -0.000 0.000 -0.000 -0.000 7.731 5.475 0.417 0.000 -0.000 -0.000 2.906 0.965 0.103 0.000 -0.000 -0.000 10.279 0.732 0.026 0.000 -0.000 -0.000 2.222 -0.733 -0.209 0.000 -0.000 -0.000 -63.183 -3.838 -16.438 17.121 -9.772 -32.076 0.017 -3.742 0.527 0.000 -0.000 -0.000 0.000 -0.000 -0.000 0.000 -0.000 -0.000 -7.731 5.475 -0.417 0.000 -0.000 -0.000 -2.906 0.965 -0.103 0.000 -0.000 -0.000 -10.279 0.732 -0.026 0.000 -0.000 -0.000 -2.222 -0.733 0.209 -0.000 0.000 -0.000 12.059 -43.331 17.210 -1.141 60.629 1.436 -3.704 -18.208 -8.161 0.000 0.000 0.000 0.170 -6.456 9.177 0.705 52.519 -1.034 -1.896 17.533 12.874
-18.477 77.063 119.039 -7.081 -29.820 14.911 7.169 28.079 -7.689 4.478 -8.846 -1.291 -7.052 -5.652 0.392 2.964 4.691 3.102 0.000 0.000 0.000 0.000 0.000 0.000 0.000 -0.000 -0.000 74.199 12.524 8.104 -18.095 -10.789 34.233 -0.008 -2.527 -0.355 -0.000 -0.000 -0.000 -0.000 -0.000 -0.000 -0.000 -0.000 -0.000 7.731 5.475 0.417 -0.000 -0.000 -0.000 2.906 0.965 0.103 -0.000 -0.000 -0.000 10.279 0.732 0.026 -0.000 -0.000 -0.000 2.222 -0.733 -0.209 0.000 -0.000 -0.000 -61.746 -7.978 -11.849 17.482 -10.141 -32.869 0.036 -5.402 0.761 0.000 0.000 -0.000 0.000 0.000 -0.000 0.000 0.000 -0.000 -7.731 5.475 -0.417 0.000 0.000 -0.000 -2.906 0.965 -0.103 0.000 0.000 -0.000 -10.279 0.732 -0.026 0.000 0.000 -0.000 -2.222 -0.733 0.209 -0.000 0.000 -0.000 15.120 -41.292 16.279 -1.428 64.058 1.636 -4.402 -16.444 -10.527 0.000 0.000 0.000 7.171 -14.923 13.929 1.871 68.419 -2.191 -0.292 15.332 6.690
-20.264 76.007 124.144 -7.822 -29.277 14.937 9.560 28.647 -7.506 3.815 -8.599 -1.129 -6.440 -6.858 0.382 2.128 5.262 3.027 0.000 0.000 0.000 0.000 0.000 0.000 0.000 0.000 -0.000 71.611 12.761 14.690 -18.640 -11.392 35.472 -0.002 -1.340 -0.188 0.000 -0.000 -0.000 0.000 -0.000 -0.000 0.000 -0.000 -0.000 7.731 5.475 0.417 0.000 -0.000 -0.000 2.906 0.965 0.103 0.000 -0.000 -0.000 10.279 0.732 0.026 0.000 -0.000 -0.000 2.222 -0.733 -0.209 0.000 0.000 -0.000 -59.275 -12.666 -6.715 17.746 -10.416 -33.453 0.087 -8.384 1.187 -0.000 0.000 -0.000 -0.000 0.000 -0.000 -0.000 0.000 -0.000 -7.731 5.475 -0.417 -0.000 0.000 -0.000 -2.906 0.965 -0.103 -0.000 0.000 -0.000 -10.279 0.732 -0.026 -0.000 0.000 -0.000 -2.222 -0.733 0.209 -0.000 0.000 -0.000 13.737 -38.504 13.887 -1.672 66.587 1.901 -2.484 -18.289 -5.223 0.000 0.000 0.000 13.101 -25.376 18.292 6.780 82.081 -7.110 0.439 11.309 2.588
-22.081 75.376 129.761 -8.299 -29.979 15.585 9.671 28.189 -5.446 3.649 -9.319 -0.569 -6.727 -6.618 0.283 2.462 5.303 2.903 0.000 0.000 0.000 0.000 0.000 0.000 -0.000 0.000 0.000 69.083 13.419 19.191 -19.534 -12.437 37.560 -0.000 0.142 0.020 -0.000 0.000 0.000 -0.000 0.000 0.000 -0.000 0.000 0.000 7.731 5.475 0.417 -0.000 0.000 0.000 2.906 0.965 0.103 -0.000 0.000 0.000 10.279 0.732 0.026 -0.000 0.000 0.000 2.222 -0.733 -0.209 -0.000 0.000 0.000 -54.617 -17.528 -1.486 17.191 -9.842 -32.229 0.054 -6.639 0.937 0.000 0.000 0.000 0.000 0.000 0.000 0.000 0.000 0.000 -7.731 5.475 -0.417 0.000 0.000 0.000 -2.906 0.965 -0.103 0.000 0.000 0.000 -10.279 0.732 -0.026 0.000 0.000 0.000 -2.222 -0.733 0.209 -0.000 0.000 -0.000 11.965 -34.007 12.670 -1.531 65.670 1.915 -1.422 -19.328 -2.387 0.000 0.000 0.000 19.992 -36.312 24.537 132.549 88.517 -132.911 0.406 6.214 -1.218
-24.402 75.579 136.038 -10.266 -30.449 16.951 10.113 27.464 -2.704 2.691 -9.727 0.111 -6.827 -6.835 -0.164 4.381 5.612 2.005 0.000 0.000 0.000 0.000 0.000 0.000 -0.000 -0.000 -0.000 68.624 14.519 20.982 -21.147 -14.526 41.543 -0.002 1.155 0.162 0.000 -0.000 -0.000 0.000 -0.000 -0.000 0.000 -0.000 -0.000 7.731 5.475 0.417 0.000 -0.000 -0.000 2.906 0.965 0.103 0.000 -0.000 -0.000 10.279 0.732 0.026 0.000 -0.000 -0.000 2.222 -0.733 -0.209 -0.000 -0.000 -0.000 -49.133 -21.703 4.579 16.945 -9.595 -31.693 0.103 -9.133 1.295 -0.000 -0.000 -0.000 -0.000 -0.000 -0.000 -0.000 -0.000 -0.000 -7.731 5.475 -0.417 -0.000 -0.000 -0.000 -2.906 0.965 -0.103 -0.000 -0.000 -0.000 -10.279 0.732 -0.026 -0.000 -0.000 -0.000 -2.222 -0.733 0.209 -0.000 0.000 -0.000 11.111 -25.912 11.276 -0.969 59.332 1.616 -1.326 -20.309 -1.864 0.000 0.000 0.000 30.024 -45.900 32.070 163.987 85.849 -164.387 -0.131 2.772 -4.320
-27.403 77.122 143.998 -13.238 -31.070 18.089 10.576 25.900 1.971 1.233 -9.908 1.254 -7.236 -6.460 -1.332 7.045 7.241 -0.424 0.000 0.000 0.000 0.000 0.000 0.000 0.000 0.000 0.000 69.010 15.711 18.230 -22.903 -17.177 46.306 -0.000 0.019 0.003 -0.000 0.000 -0.000 -0.000 0.000 -0.000 -0.000 0.000 -0.000 7.731 5.475 0.417 -0.000 0.000 -0.000 2.906 0.965 0.103 -0.000 0.000 -0.000 10.279 0.732 0.026 -0.000 0.000 -0.000 2.222 -0.733 -0.209 0.000 0.000 0.000 -44.031 -25.728 9.569 16.714 -9.368 -31.195 0.107 -9.280 1.316 0.000 0.000 0.000 0.000 0.000 0.000 0.000 0.000 0.000 -7.731 5.475 -0.417 0.000 0.000 0.000 -2.906 0.965 -0.103 0.000 0.000 0.000 -10.279 0.732 -0.026 0.000 0.000 0.000 -2.222 -0.733 0.209 -0.000 0.000 -0.000 10.315 -14.018 10.745 -0.432 48.068 1.346 -1.118 -16.992 -1.348 0.000 0.000 0.000 40.126 -51.865 38.952 96.114 88.929 -96.580 -0.510 -0.616 -5.206
-30.701 79.207 152.599 -16.209 -28.263 19.025 12.318 22.953 4.662 0.349 -10.549 1.939 -8.331 -4.603 -2.840 11.828 9.971 -3.874 0.000 0.000 0.000 0.000 0.000 0.000 -0.000 -0.000 0.000 69.861 16.970 13.534 -23.696 -18.540 48.662 -0.006 -2.125 -0.299 0.000 -0.000 -0.000 0.000 -0.000 -0.000 0.000 -0.000 -0.000 7.731 5.475 0.417 0.000 -0.000 -0.000 2.906 0.965 0.103 0.000 -0.000 -0.000 10.279 0.732 0.026 0.000 -0.000 -0.000 2.222 -0.733 -0.209 -0.000 -0.000 0.000 -39.016 -27.603 13.837 16.459 -9.121 -30.647 0.106 -9.252 1.312 -0.000 -0.000 0.000 -0.000 -0.000 0.000 -0.000 -0.000 0.000 -7.731 5.475 -0.417 -0.000 -0.000 0.000 -2.906 0.965 -0.103 -0.000 -0.000 0.000 -10.279 0.732 -0.026 -0.000 -0.000 0.000 -2.222 -0.733 0.209 -0.000 0.000 -0.000 10.372 -2.103 8.248 -0.118 35.084 1.174 -0.894 -4.998 -1.432 0.000 0.000 0.000 46.940 -56.894 40.529 5.683 80.969 -6.201 -0.947 -1.357 -7.977
-34.496 81.622 162.681 -20.068 -25.616 18.723 15.219 19.600 6.947 -1.195 -9.409 2.480 -8.894 -2.510 -4.103 16.775 12.075 -7.286 0.000 0.000 0.000 0.000 0.000 0.000 0.000 0.000 0.000 71.054 17.636 9.302 -23.434 -18.075 47.864 -0.001 -0.642 -0.090 -0.000 0.000 0.000 -0.000 0.000 0.000 -0.000 0.000 0.000 7.731 5.475 0.417 -0.000 0.000 0.000 2.906 0.965 0.103 -0.000 0.000 0.000 10.279 0.732 0.026 -0.000 0.000 0.000 2.222 -0.733 -0.209 0.000 0.000 0.000 -33.465 -27.666 16.709 15.946 -8.637 -29.559 0.090 -8.517 1.206 0.000 0.000 0.000 0.000 0.000 0.000 0.000 0.000 0.000 -7.731 5.475 -0.417 0.000 0.000 0.000 -2.906 0.965 -0.103 0.000 0.000 0.000 -10.279 0.732 -0.026 0.000 0.000 0.000 -2.222 -0.733 0.209 -0.000 0.000 -0.000 10.504 11.410 5.371 0.043 20.406 0.858 1.364 9.370 -17.284 0.000 0.000 0.000 49.786 -57.643 38.839 1.749 67.903 -2.268 -0.634 -1.172 -7.467
-37.948 83.415 172.039 -24.004 -23.884 18.523 17.677 16.504 9.386 -2.304 -8.984 3.057 -9.583 -0.254 -4.968 20.331 13.593 -9.843 0.000 0.000 0.000 0.000 0.000 0.000 -0.000 -0.000 0.000 71.500 18.830 5.338 -22.539 -16.589 45.272 -0.016 3.580 0.504 -0.000 0.000 -0.000 -0.000 0.000 -0.000 -0.000 0.000 -0.000 7.731 5.475 0.417 -0.000 0.000 -0.000 2.906 0.965 0.103 -0.000 0.000 -0.000 10.279 0.732 0.026 -0.000 0.000 -0.000 2.222 -0.733 -0.209 -0.000 -0.000 0.000 -27.876 -24.399 19.885 15.809 -8.511 -29.270 0.074 -7.715 1.091 0.000 -0.000 0.000 0.000 -0.000 0.000 0.000 -0.000 0.000 -7.731 5.475 -0.417 0.000 -0.000 0.000 -2.906 0.965 -0.103 0.000 -0.000 0.000 -10.279 0.732 -0.026 0.000 -0.000 0.000 -2.222 -0.733 0.209 -0.000 0.000 -0.000 11.128 24.184 6.297 0.009 12.548 0.453 5.891 17.826 -24.794 0.000 0.000 0.000 51.890 -56.908 37.532 0.690 52.216 -1.062 0.390 5.602 -3.628
-40.767 83.833 181.149 -27.067 -26.035 16.642 17.843 15.945 12.376 -3.501 -6.780 3.757 -9.838 0.003 -5.451 22.185 15.482 -11.428 0.000 0.000 0.000 0.000 0.000 0.000 0.000 0.000 0.000 70.874 20.521 4.510 -21.093 -14.452 41.405 -0.070 7.529 1.064 -0.000 0.000 -0.000 -0.000 0.000 -0.000 -0.000 0.000 -0.000 7.731 5.475 0.417 -0.000 0.000 -0.000 2.906 0.965 0.103 -0.000 0.000 -0.000 10.279 0.732 0.026 -0.000 0.000 -0.000 2.222 -0.733 -0.209 0.000 0.000 0.000 -22.802 -20.685 23.857 16.010 -8.696 -29.693 0.078 -7.952 1.125 0.000 0.000 -0.000 0.000 0.000 -0.000 0.000 0.000 -0.000 -7.731 5.475 -0.417 0.000 0.000 -0.000 -2.906 0.965 -0.103 0.000 0.000 -0.000 -10.279 0.732 -0.026 0.000 0.000 -0.000 -2.222 -0.733 0.209 -0.000 0.000 -0.000 6.786 29.845 7.703 -0.158 21.218 -0.065 9.671 29.984 -23.497 0.000 0.000 0.000 51.841 -52.191 36.937 0.382 37.996 -0.110 -0.403 13.886 3.985
-42.894 82.986 190.683 -27.759 -26.794 12.989 18.383 15.562 13.076 -3.633 -5.042 3.844 -10.504 0.070 -5.873 22.271 18.321 -12.741 0.000 0.000 0.000 0.000 0.000 0.000 -0.000 0.000 -0.000 70.355 19.513 1.936 -19.474 -12.364 37.418 -0.149 10.941 1.557 0.000 -0.000 0.000 0.000 -0.000 0.000 0.000 -0.000 0.000 7.731 5.475 0.417 0.000 -0.000 0.000 2.906 0.965 0.103 0.000 -0.000 0.000 10.279 0.732 0.026 0.000 -0.000 0.000 2.222 -0.733 -0.209 -0.000 0.000 -0.000 -19.713 -16.644 27.203 16.240 -8.912 -30.181 0.072 -7.614 1.076 -0.000 0.000 -0.000 -0.000 0.000 -0.000 -0.000 0.000 -0.000 -7.731 5.475 -0.417 -0.000 0.000 -0.000 -2.906 0.965 -0.103 -0.000 0.000 -0.000 -10.279 0.732 -0.026 -0.000 0.000 -0.000 -2.222 -0.733 0.209 -0.000 0.000 -0.000 1.487 31.410 10.102 -0.429 36.640 -0.286 14.794 36.557 -29.063 0.000 0.000 0.000 49.000 -48.366 37.243 0.336 30.341 0.609 -2.268 15.958 12.054
-44.872 80.500 200.372 -28.646 -26.497 8.992 21.244 15.606 12.523 -3.500 -5.820 3.642 -10.936 2.001 -5.888 21.923 20.980 -13.574 0.000 0.000 0.000 0.000 0.000 0.000 0.000 0.000 -0.000 70.753 13.802 -3.792 -17.564 -10.226 33.049 -0.186 12.185 1.739 -0.000 -0.000 -0.000 -0.000 -0.000 -0.000 -0.000 -0.000 -0.000 7.731 5.475 0.417 -0.000 -0.000 -0.000 2.906 0.965 0.103 -0.000 -0.000 -0.000 10.279 0.732 0.026 -0.000 -0.000 -0.000 2.222 -0.733 -0.209 0.000 0.000 -0.000 -17.219 -12.487 28.528 16.243 -8.915 -30.188 0.077 -7.902 1.118 0.000 0.000 -0.000 0.000 0.000 -0.000 0.000 0.000 -0.000 -7.731 5.475 -0.417 0.000 0.000 -0.000 -2.906 0.965 -0.103 0.000 0.000 -0.000 -10.279 0.732 -0.026 0.000 0.000 -0.000 -2.222 -0.733 0.209 -0.000 0.000 -0.000 -2.030 31.514 13.801 -0.874 52.126 0.218 16.203 29.988 -38.852 0.000 0.000 0.000 47.827 -46.003 40.917 0.416 32.638 0.826 -3.670 17.220 17.290
-46.644 77.307 210.038 -29.248 -28.097 5.275 23.869 16.272 11.712 -3.339 -6.715 3.455 -10.438 3.596 -5.537 19.800 22.958 -13.351 0.000 0.000 0.000 0.000 0.000 0.000 -0.000 -0.000 0.000 69.153 4.909 -9.916 -15.708 -8.418 29.058 -0.172 11.739 1.673 -0.000 0.000 0.000 -0.000 0.000 0.000 -0.000 0.000 0.000 7.731 5.475 0.417 -0.000 0.000 0.000 2.906 0.965 0.103 -0.000 0.000 0.000 10.279 0.732 0.026 -0.000 0.000 0.000 2.222 -0.733 -0.209 -0.000 -0.000 0.000 -15.182 -12.477 28.046 15.945 -8.636 -29.557 0.046 -6.124 0.864 0.000 -0.000 0.000 0.000 -0.000 0.000 0.000 -0.000 0.000 -7.731 5.475 -0.417 0.000 -0.000 0.000 -2.906 0.965 -0.103 0.000 -0.000 0.000 -10.279 0.732 -0.026 0.000 -0.000 0.000 -2.222 -0.733 0.209 -0.000 0.000 -0.000 -4.959 27.611 18.866 -1.607 65.051 1.517 8.716 20.952 -37.540 0.000 0.000 0.000 45.075 -42.116 41.018 0.516 38.857 0.550 -0.366 16.905 1.577
-45.878 74.635 219.038 -22.469 -28.236 -1.350 19.379 18.423 8.704 -1.879 -9.278 2.596 -9.489 3.004 -4.942 16.754 26.305 -12.354 0.000 0.000 0.000 0.000 0.000 0.000 -0.000 -0.000 -0.000 63.983 -7.017 -14.779 -14.234 -7.145 26.026 -0.115 9.638 1.368 0.000 -0.000 -0.000 0.000 -0.000 -0.000 0.000 -0.000 -0.000 7.731 5.475 0.417 0.000 -0.000 -0.000 2.906 0.965 0.103 0.000 -0.000 -0.000 10.279 0.732 0.026 0.000 -0.000 -0.000 2.222 -0.733 -0.209 -0.000 -0.000 -0.000 -16.792 -16.315 26.572 15.647 -8.363 -28.931 0.025 -4.504 0.634 -0.000 -0.000 -0.000 -0.000 -0.000 -0.000 -0.000 -0.000 -0.000 -7.731 5.475 -0.417 -0.000 -0.000 -0.000 -2.906 0.965 -0.103 -0.000 -0.000 -0.000 -10.279 0.732 -0.026 -0.000 -0.000 -0.000 -2.222 -0.733 0.209 -0.000 0.000 -0.000 -12.084 16.359 19.146 -3.335 75.649 3.568 2.222 12.858 -37.113 0.000 0.000 0.000 35.621 -41.911 38.668 0.859 50.702 0.099 0.064 3.624 3.783
-44.998 72.785 225.785 -11.314 -25.915 -14.816 7.010 30.978 4.324 2.571 -10.448 1.471 -9.137 0.560 -4.503 15.486 22.579 -10.223 0.000 0.000 0.000 0.000 0.000 0.000 0.000 0.000 0.000 61.709 -16.007 -14.013 -13.923 -6.893 25.399 -0.000 0.330 0.046 -0.000 0.000 0.000 -0.000 0.000 0.000 -0.000 0.000 0.000 7.731 5.475 0.417 -0.000 0.000 0.000 2.906 0.965 0.103 -0.000 0.000 0.000 10.279 0.732 0.026 -0.000 0.000 0.000 2.222 -0.733 -0.209 0.000 0.000 0.000 -23.408 -25.750 21.083 15.098 -7.876 -27.791 0.040 -5.692 0.803 0.000 0.000 0.000 0.000 0.000 0.000 0.000 0.000 0.000 -7.731 5.475 -0.417 0.000 0.000 0.000 -2.906 0.965 -0.103 0.000 0.000 0.000 -10.279 0.732 -0.026 0.000 0.000 0.000 -2.222 -0.733 0.209 -0.000 0.000 -0.000 -20.398 3.058 17.683 -7.087 82.403 7.452 -3.435 4.874 -33.605 0.000 0.000 0.000 20.880 -36.753 32.860 1.193 58.604 -0.618 0.160 1.102 2.522
-43.732 72.548 231.104 -5.553 -27.616 -20.516 3.164 37.351 3.101 1.345 -9.061 0.939 -7.700 -0.161 -3.796 13.568 16.912 -7.849 0.000 0.000 0.000 0.000 0.000 0.000 -0.000 -0.000 -0.000 63.097 -18.021 -13.205 -14.120 -7.052 25.796 -0.029 -4.887 -0.688 0.000 0.000 -0.000 0.000 0.000 -0.000 0.000 0.000 -0.000 7.731 5.475 0.417 0.000 0.000 -0.000 2.906 0.965 0.103 0.000 0.000 -0.000 10.279 0.732 0.026 0.000 0.000 -0.000 2.222 -0.733 -0.209 -0.000 -0.000 -0.000 -29.910 -29.002 11.292 12.800 -6.026 -23.170 0.002 -1.423 0.200 -0.000 -0.000 -0.000 -0.000 -0.000 -0.000 -0.000 -0.000 -0.000 -7.731 5.475 -0.417 -0.000 -0.000 -0.000 -2.906 0.965 -0.103 -0.000 -0.000 -0.000 -10.279 0.732 -0.026 -0.000 -0.000 -0.000 -2.222 -0.733 0.209 -0.000 0.000 -0.000 -17.186 -14.107 17.989 -2.450 72.435 2.944 -9.213 -3.589 -37.906 0.000 0.000 0.000 15.618 -31.090 34.819 1.276 62.049 -1.412 0.518 -1.297 1.827
-43.002 72.750 235.599 -3.181 -24.543 -22.348 4.280 39.737 -1.614 3.244 -9.418 0.080 -8.751 1.294 -3.192 11.927 15.578 -6.177 0.000 0.000 0.000 0.000 0.000 0.000 0.000 0.000 -0.000 61.598 -17.285 -16.287 -15.099 -7.876 27.792 -0.090 -8.514 -1.206 -0.000 -0.000 -0.000 -0.000 -0.000 -0.000 -0.000 -0.000 -0.000 7.731 5.475 0.417 -0.000 -0.000 -0.000 2.906 0.965 0.103 -0.000 -0.000 -0.000 10.279 0.732 0.026 -0.000 -0.000 -0.000 2.222 -0.733 -0.209 0.000 0.000 -0.000 -38.709 -37.060 -3.475 8.886 -3.491 -15.728 0.495 19.594 -2.868 0.000 0.000 0.000 0.000 0.000 0.000 0.000 0.000 0.000 -7.731 5.475 -0.417 0.000 0.000 0.000 -2.906 0.965 -0.103 0.000 0.000 0.000 -10.279 0.732 -0.026 0.000 0.000 0.000 -2.222 -0.733 0.209 -0.000 0.000 -0.000 -9.731 -24.295 17.165 -0.518 50.419 1.465 -21.660 -22.066 -39.587 0.000 0.000 0.000 10.333 -28.525 32.040 1.240 62.308 -1.629 0.498 -2.347 -0.279
-41.234 74.251 238.993 0.828 -17.074 -20.676 -0.344 36.497 -6.567 5.681 -8.205 -1.535 -8.727 1.968 -2.605 11.247 15.901 -5.104 0.000 0.000 0.000 0.000 0.000 0.000 0.000 0.000 -0.000 60.669 -20.889 -18.883 -15.164 -7.933 27.927 -0.020 -4.038 -0.568 -0.000 -0.000 -0.000 -0.000 -0.000 -0.000 -0.000 -0.000 -0.000 7.731 5.475 0.417 -0.000 -0.000 -0.000 2.906 0.965 0.103 -0.000 -0.000 -0.000 10.279 0.732 0.026 -0.000 -0.000 -0.000 2.222 -0.733 -0.209 0.000 0.000 -0.000 -44.798 -27.379 -15.936 9.402 -3.786 -16.685 0.441 18.540 -2.701 0.000 0.000 -0.000 0.000 0.000 -0.000 0.000 0.000 -0.000 -7.731 5.475 -0.417 0.000 0.000 -0.000 -2.906 0.965 -0.103 0.000 0.000 -0.000 -10.279 0.732 -0.026 0.000 0.000 -0.000 -2.222 -0.733 0.209 -0.000 0.000 -0.000 -9.986 -37.824 10.726 -0.312 42.235 1.134 -23.025 -26.224 -38.536 0.000 0.000 0.000 0.248 -26.887 28.577 0.930 57.558 -1.332 0.138 -1.319 -3.190
-40.927 76.935 241.000 -1.637 -13.595 -20.031 3.001 37.427 -12.044 6.427 -8.097 -2.672 -8.355 1.476 -1.640 9.690 16.080 -3.041 0.000 0.000 0.000 0.000 0.000 0.000 0.000 -0.000 -0.000 59.547 -26.442 -20.126 -14.610 -7.457 26.789 -0.002 -1.186 -0.167 0.000 0.000 0.000 0.000 0.000 0.000 0.000 0.000 0.000 7.731 5.475 0.417 0.000 0.000 0.000 2.906 0.965 0.103 0.000 0.000 0.000 10.279 0.732 0.026 0.000 0.000 0.000 2.222 -0.733 -0.209 0.000 -0.000 -0.000 -46.668 -18.454 -24.833 11.577 -5.156 -20.794 0.107 9.299 -1.319 -0.000 -0.000 -0.000 -0.000 -0.000 -0.000 -0.000 -0.000 -0.000 -7.731 5.475 -0.417 -0.000 -0.000 -0.000 -2.906 0.965 -0.103 -0.000 -0.000 -0.000 -10.279 0.732 -0.026 -0.000 -0.000 -0.000 -2.222 -0.733 0.209 -0.000 0.000 -0.000 2.058 -46.682 14.757 -0.297 37.460 0.511 -10.690 -10.683 -34.078 0.000 0.000 0.000 -0.746 -22.750 25.417 0.725 53.127 -1.098 0.086 0.792 -4.789
-39.490 80.324 243.571 -0.553 -5.836 -21.777 1.214 39.878 -17.439 7.848 -6.849 -4.210 -6.695 -0.532 -0.983 7.763 15.634 -1.549 0.000 0.000 0.000 0.000 0.000 0.000 -0.000 -0.000 -0.000 59.081 -31.223 -21.051 -14.033 -6.981 25.621 -0.030 -4.967 -0.700 0.000 0.000 0.000 0.000 0.000 0.000 0.000 0.000 0.000 7.731 5.475 0.417 0.000 0.000 0.000 2.906 0.965 0.103 0.000 0.000 0.000 10.279 0.732 0.026 0.000 0.000 0.000 2.222 -0.733 -0.209 -0.000 -0.000 -0.000 -47.424 -12.132 -36.468 12.669 -5.929 -22.913 0.035 5.322 -0.750 -0.000 -0.000 0.000 -0.000 -0.000 0.000 -0.000 -0.000 0.000 -7.731 5.475 -0.417 -0.000 -0.000 0.000 -2.906 0.965 -0.103 -0.000 -0.000 0.000 -10.279 0.732 -0.026 -0.000 -0.000 0.000 -2.222 -0.733 0.209 -0.000 0.000 -0.000 4.515 -51.474 12.515 -0.294 36.747 0.478 -9.889 -9.379 -34.347 0.000 0.000 0.000 -9.126 -13.922 18.633 0.393 43.476 -0.889 0.486 4.685 -5.188
-38.805 83.866 245.438 -2.507 -0.906 -21.534 3.235 40.008 -20.871 8.682 -6.080 -4.873 -5.922 -0.441 -0.202 6.733 12.748 0.178 0.000 0.000 0.000 0.000 0.000 0.000 -0.000 -0.000 -0.000 57.831 -34.217 -22.756 -13.142 -6.282 23.843 -0.145 -10.791 -1.535 0.000 0.000 -0.000 0.000 0.000 -0.000 0.000 0.000 -0.000 7.731 5.475 0.417 0.000 0.000 -0.000 2.906 0.965 0.103 0.000 0.000 -0.000 10.279 0.732 0.026 0.000 0.000 -0.000 2.222 -0.733 -0.209 -0.000 -0.000 -0.000 -50.569 -8.689 -49.607 11.916 -5.390 -21.447 0.166 11.531 -1.643 0.000 0.000 0.000 0.000 0.000 0.000 0.000 0.000 0.000 -7.731 5.475 -0.417 0.000 0.000 0.000 -2.906 0.965 -0.103 0.000 0.000 0.000 -10.279 0.732 -0.026 0.000 0.000 0.000 -2.222 -0.733 0.209 -0.000 0.000 -0.000 13.747 -56.202 16.346 -0.324 37.715 0.451 -5.082 -3.025 -31.447 0.000 0.000 0.000 -10.972 -7.524 13.707 0.187 33.993 -0.811 1.173 11.466 -5.184
-36.290 86.618 247.369 0.628 6.247 -19.604 -0.851 39.096 -22.954 10.864 -6.228 -5.602 -5.980 1.160 0.347 6.435 7.995 1.514 0.000 0.000 0.000 0.000 0.000 0.000 -0.000 -0.000 -0.000 51.874 -40.210 -27.675 -11.698 -5.239 21.027 -0.015 -3.469 -0.488 -0.000 -0.000 -0.000 -0.000 -0.000 -0.000 -0.000 -0.000 -0.000 7.731 5.475 0.417 -0.000 -0.000 -0.000 2.906 0.965 0.103 -0.000 -0.000 -0.000 10.279 0.732 0.026 -0.000 -0.000 -0.000 2.222 -0.733 -0.209 -0.000 -0.000 -0.000 -55.376 -3.728 -61.754 10.671 -4.559 -19.066 0.307 15.576 -2.245 0.000 0.000 0.000 0.000 0.000 0.000 0.000 0.000 0.000 -7.731 5.475 -0.417 0.000 0.000 0.000 -2.906 0.965 -0.103 0.000 0.000 0.000 -10.279 0.732 -0.026 0.000 0.000 0.000 -2.222 -0.733 0.209 -0.000 0.000 -0.000 18.235 -63.582 23.860 -0.429 42.728 0.605 -0.926 3.493 -24.592 0.000 0.000 0.000 -17.458 -1.697 11.008 0.034 23.668 -0.796 2.081 21.610 -4.926
-35.422 89.456 248.908 -1.703 11.442 -18.246 2.433 38.512 -26.027 12.413 -7.136 -5.889 -3.725 -0.644 1.151 3.111 7.684 2.937 0.000 0.000 0.000 0.000 0.000 0.000 -0.000 -0.000 0.000 44.551 -44.786 -33.340 -10.308 -4.330 18.380 -0.026 4.575 0.644 0.000 0.000 -0.000 0.000 0.000 -0.000 0.000 0.000 -0.000 7.731 5.475 0.417 0.000 0.000 -0.000 2.906 0.965 0.103 0.000 0.000 -0.000 10.279 0.732 0.026 0.000 0.000 -0.000 2.222 -0.733 -0.209 -0.000 -0.000 0.000 -60.989 2.212 -71.505 9.356 -3.759 -16.599 0.496 19.612 -2.870 0.000 -0.000 -0.000 0.000 -0.000 -0.000 0.000 -0.000 -0.000 -7.731 5.475 -0.417 0.000 -0.000 -0.000 -2.906 0.965 -0.103 0.000 -0.000 -0.000 -10.279 0.732 -0.026 0.000 -0.000 -0.000 -2.222 -0.733 0.209 -0.000 0.000 -0.000 33.487 -65.777 39.301 -0.470 44.639 0.697 -1.658 2.081 -25.003 0.000 0.000 0.000 -15.514 1.043 8.157 -0.012 17.984 -0.713 0.884 28.783 -0.788
-33.100 91.326 250.997 0.236 18.729 -17.460 -0.231 38.731 -28.867 14.295 -6.786 -6.717 -3.055 -0.937 1.493 2.782 4.928 3.586 0.000 0.000 0.000 0.000 0.000 0.000 0.000 -0.000 -0.000 38.335 -47.919 -38.121 -9.506 -3.847 16.878 -0.087 8.401 1.189 -0.000 -0.000 0.000 -0.000 -0.000 0.000 -0.000 -0.000 0.000 7.731 5.475 0.417 -0.000 -0.000 0.000 2.906 0.965 0.103 -0.000 -0.000 0.000 10.279 0.732 0.026 -0.000 -0.000 0.000 2.222 -0.733 -0.209 0.000 -0.000 -0.000 -58.237 9.259 -81.128 8.805 -3.446 -15.580 0.356 16.724 -2.420 0.000 0.000 0.000 0.000 0.000 0.000 0.000 0.000 0.000 -7.731 5.475 -0.417 0.000 0.000 0.000 -2.906 0.965 -0.103 0.000 0.000 0.000 -10.279 0.732 -0.026 0.000 0.000 0.000 -2.222 -0.733 0.209 -0.000 0.000 -0.000 39.085 -66.843 49.676 -0.544 47.263 0.794 2.448 13.506 -18.285 0.000 0.000 0.000 -18.626 6.375 5.439 -0.070 11.766 -0.907 -0.115 23.708 2.029
-32.145 92.328 252.923 -0.668 23.573 -17.478 0.201 39.407 -30.675 14.899 -6.055 -7.158 -3.835 -1.965 1.117 5.439 2.401 3.207 0.000 0.000 0.000 0.000 0.000 0.000 -0.000 0.000 0.000 26.223 -56.883 -48.098 -8.568 -3.315 15.142 -0.391 17.507 2.541 0.000 0.000 -0.000 0.000 0.000 -0.000 0.000 0.000 -0.000 7.731 5.475 0.417 0.000 0.000 -0.000 2.906 0.965 0.103 0.000 0.000 -0.000 10.279 0.732 0.026 0.000 0.000 -0.000 2.222 -0.733 -0.209 -0.000 0.000 0.000 -45.223 12.765 -92.570 9.943 -4.107 -17.694 0.309 15.624 -2.253 0.000 -0.000 -0.000 0.000 -0.000 -0.000 0.000 -0.000 -0.000 -7.731 5.475 -0.417 0.000 -0.000 -0.000 -2.906 0.965 -0.103 0.000 -0.000 -0.000 -10.279 0.732 -0.026 0.000 -0.000 -0.000 -2.222 -0.733 0.209 -0.000 0.000 -0.000 46.894 -64.059 59.594 -0.549 47.955 0.908 2.135 14.484 -15.755 0.000 0.000 0.000 -16.477 8.240 6.038 -0.101 9.384 -1.056 -0.686 11.600 7.689
-30.846 92.137 254.685 0.288 29.111 -16.683 -1.485 39.268 -32.250 15.102 -6.340 -7.675 -4.363 -1.913 0.681 7.524 1.940 2.514 0.000 0.000 0.000 0.000 0.000 0.000 -0.000 -0.000 -0.000 18.593 -58.330 -55.168 -8.269 -3.154 14.594 -0.359 16.795 2.431 0.000 0.000 -0.000 0.000 0.000 -0.000 0.000 0.000 -0.000 7.731 5.475 0.417 0.000 0.000 -0.000 2.906 0.965 0.103 0.000 0.000 -0.000 10.279 0.732 0.026 0.000 0.000 -0.000 2.222 -0.733 -0.209 -0.000 -0.000 -0.000 -28.791 13.892 -102.563 13.192 -6.321 -23.943 0.149 10.951 -1.558 0.000 -0.000 -0.000 0.000 -0.000 -0.000 0.000 -0.000 -0.000 -7.731 5.475 -0.417 0.000 -0.000 -0.000 -2.906 0.965 -0.103 0.000 -0.000 -0.000 -10.279 0.732 -0.026 0.000 -0.000 -0.000 -2.222 -0.733 0.209 -0.000 0.000 -0.000 46.615 -62.898 59.037 -0.544 47.671 0.880 2.230 15.919 -14.289 0.000 0.000 0.000 -15.526 6.598 6.419 -0.101 11.081 -1.133 0.025 4.678 12.841
-29.194 90.875 256.639 2.844 35.299 -15.159 -5.514 38.306 -32.054 14.755 -4.197 -8.286 -5.068 -1.272 -0.313 9.985 -0.261 0.893 0.000 0.000 0.000 0.000 0.000 0.000 0.000 -0.000 -0.000 10.595 -60.556 -63.957 -8.131 -3.081 14.341 -0.442 18.558 2.704 -0.000 -0.000 0.000 -0.000 -0.000 0.000 -0.000 -0.000 0.000 7.731 5.475 0.417 -0.000 -0.000 0.000 2.906 0.965 0.103 -0.000 -0.000 0.000 10.279 0.732 0.026 -0.000 -0.000 0.000 2.222 -0.733 -0.209 0.000 -0.000 -0.000 -16.411 12.283 -111.126 17.485 -10.143 -32.875 0.076 7.864 -1.112 -0.000 0.000 0.000 -0.000 0.000 0.000 -0.000 0.000 0.000 -7.731 5.475 -0.417 -0.000 0.000 0.000 -2.906 0.965 -0.103 -0.000 0.000 0.000 -10.279 0.732 -0.026 -0.000 0.000 0.000 -2.222 -0.733 0.209 -0.000 0.000 -0.000 40.654 -62.805 51.088 -0.554 47.942 0.884 2.479 15.545 -15.706 0.000 0.000 0.000 -15.485 4.701 6.536 -0.095 12.623 -1.131 0.044 3.906 18.482
-28.058 88.558 258.554 4.375 41.266 -14.165 -7.608 37.878 -31.752 14.552 -4.338 -8.409 -7.498 0.287 -1.726 13.915 -1.246 -1.220 0.000 0.000 0.000 0.000 0.000 0.000 -0.000 0.000 0.000 11.351 -57.614 -64.923 -8.151 -3.091 14.378 -0.332 16.184 2.338 -0.000 0.000 -0.000 -0.000 0.000 -0.000 -0.000 0.000 -0.000 7.731 5.475 0.417 -0.000 0.000 -0.000 2.906 0.965 0.103 -0.000 0.000 -0.000 10.279 0.732 0.026 -0.000 0.000 -0.000 2.222 -0.733 -0.209 -0.000 0.000 0.000 -8.065 11.645 -117.437 21.739 -15.370 -43.090 0.020 4.010 -0.565 0.000 -0.000 0.000 0.000 -0.000 0.000 0.000 -0.000 0.000 -7.731 5.475 -0.417 0.000 -0.000 0.000 -2.906 0.965 -0.103 0.000 -0.000 0.000 -10.279 0.732 -0.026 0.000 -0.000 0.000 -2.222 -0.733 0.209 -0.000 0.000 -0.000 34.455 -61.364 42.666 -0.555 47.458 0.775 2.702 14.191 -18.924 0.000 0.000 0.000 -13.175 0.564 10.563 -0.084 19.239 -1.062 0.410 7.125 5.003
-27.098 85.894 260.463 4.800 47.050 -14.879 -8.442 38.277 -30.918 13.745 -4.184 -8.337 -9.182 2.374 -3.349 16.730 -2.376 -4.064 0.000 0.000 0.000 0.000 0.000 0.000 -0.000 0.000 -0.000 5.395 -57.106 -72.329 -7.888 -2.953 13.897 -0.594 21.355 3.150 -0.000 0.000 -0.000 -0.000 0.000 -0.000 -0.000 0.000 -0.000 7.731 5.475 0.417 -0.000 0.000 -0.000 2.906 0.965 0.103 -0.000 0.000 -0.000 10.279 0.732 0.026 -0.000 0.000 -0.000 2.222 -0.733 -0.209 -0.000 0.000 -0.000 -3.040 11.627 -122.118 24.819 -20.713 -52.315 0.020 4.043 -0.569 0.000 -0.000 0.000 0.000 -0.000 0.000 0.000 -0.000 0.000 -7.731 5.475 -0.417 0.000 -0.000 0.000 -2.906 0.965 -0.103 0.000 -0.000 0.000 -10.279 0.732 -0.026 0.000 -0.000 0.000 -2.222 -0.733 0.209 -0.000 0.000 -0.000 27.093 -57.409 33.528 -0.498 44.631 0.553 3.400 16.774 -17.925 0.000 0.000 0.000 -11.332 -2.145 11.010 0.058 30.309 -1.156 0.574 1.148 -4.169
-26.210 83.606 262.420 4.761 50.902 -16.154 -8.374 38.891 -28.508 12.716 -3.764 -7.765 -12.160 3.530 -5.225 20.807 -3.572 -6.974 0.000 0.000 0.000 0.000 0.000 0.000 0.000 -0.000 -0.000 -5.951 -58.900 -84.048 -7.460 -2.735 13.116 -1.143 28.850 4.441 0.000 -0.000 0.000 0.000 -0.000 0.000 0.000 -0.000 0.000 7.731 5.475 0.417 0.000 -0.000 0.000 2.906 0.965 0.103 0.000 -0.000 0.000 10.279 0.732 0.026 0.000 -0.000 0.000 2.222 -0.733 -0.209 0.000 -0.000 -0.000 0.262 11.834 -125.247 27.025 -26.422 -61.554 0.020 4.027 -0.567 -0.000 0.000 -0.000 -0.000 0.000 -0.000 -0.000 0.000 -0.000 -7.731 5.475 -0.417 -0.000 0.000 -0.000 -2.906 0.965 -0.103 -0.000 0.000 -0.000 -10.279 0.732 -0.026 -0.000 0.000 -0.000 -2.222 -0.733 0.209 -0.000 0.000 -0.000 24.205 -51.419 30.064 -0.440 41.760 0.392 3.695 18.273 -17.059 0.000 0.000 0.000 -9.577 -2.968 14.146 0.184 37.433 -1.203 -0.202 -5.900 -5.092
-24.982 81.762 263.477 7.588 55.575 -12.979 -9.713 36.700 -26.742 12.242 -3.570 -7.464 -13.535 5.644 -6.819 21.565 -4.306 -10.076 0.000 0.000 0.000 0.000 0.000 0.000 -0.000 0.000 0.000 -39.382 -58.363 -114.398 -6.912 -2.466 12.125 -3.790 47.066 8.688 0.000 0.000 -0.000 0.000 0.000 -0.000 0.000 0.000 -0.000 7.731 5.475 0.417 0.000 0.000 -0.000 2.906 0.965 0.103 0.000 0.000 -0.000 10.279 0.732 0.026 0.000 0.000 -0.000 2.222 -0.733 -0.209 -0.000 0.000 0.000 3.414 16.368 -126.589 28.249 -32.397 -71.094 0.026 4.631 -0.652 0.000 0.000 0.000 0.000 0.000 0.000 0.000 0.000 0.000 -7.731 5.475 -0.417 0.000 0.000 0.000 -2.906 0.965 -0.103 0.000 0.000 0.000 -10.279 0.732 -0.026 0.000 0.000 0.000 -2.222 -0.733 0.209 -0.000 0.000 -0.000 20.523 -48.170 30.339 -0.418 40.805 0.361 2.464 15.985 -14.480 0.000 0.000 0.000 -10.633 -4.397 15.028 0.288 41.916 -1.214 -0.975 -10.166 -6.215
-24.229 80.379 265.164 5.361 60.187 -14.285 -7.598 34.983 -26.874 9.474 -3.503 -7.419 -12.371 7.068 -7.604 23.051 -3.190 -12.238 0.000 0.000 0.000 0.000 0.000 0.000 0.000 -0.000 -0.000 -29.430 -62.126 -108.105 -6.918 -2.469 12.135 -3.957 47.798 8.916 -0.000 -0.000 0.000 -0.000 -0.000 0.000 -0.000 -0.000 0.000 7.731 5.475 0.417 -0.000 -0.000 0.000 2.906 0.965 0.103 -0.000 -0.000 0.000 10.279 0.732 0.026 -0.000 -0.000 0.000 2.222 -0.733 -0.209 0.000 -0.000 -0.000 10.388 23.019 -124.461 28.340 -37.912 -80.255 0.006 2.223 -0.313 -0.000 -0.000 0.000 -0.000 -0.000 0.000 -0.000 -0.000 0.000 -7.731 5.475 -0.417 -0.000 -0.000 0.000 -2.906 0.965 -0.103 -0.000 -0.000 0.000 -10.279 0.732 -0.026 -0.000 -0.000 0.000 -2.222 -0.733 0.209 -0.000 0.000 -0.000 19.378 -43.752 30.448 -0.388 39.350 0.301 1.765 14.112 -13.296 0.000 0.000 0.000 -8.889 -5.302 11.611 0.402 45.889 -1.220 -2.735 -13.476 -10.126
-23.518 79.781 266.233 5.206 63.999 -14.225 -7.376 34.021 -25.600 9.390 -3.679 -7.056 -12.875 8.471 -9.033 24.738 -1.278 -15.519 0.000 0.000 0.000 0.000 0.000 0.000 -0.000 -0.000 -0.000 -1.554 -67.907 -81.276 -7.264 -2.637 12.761 -1.767 34.872 5.621 -0.000 -0.000 0.000 -0.000 -0.000 0.000 -0.000 -0.000 0.000 7.731 5.475 0.417 -0.000 -0.000 0.000 2.906 0.965 0.103 -0.000 -0.000 0.000 10.279 0.732 0.026 -0.000 -0.000 0.000 2.222 -0.733 -0.209 -0.000 -0.000 -0.000 18.266 29.682 -122.609 27.694 -41.793 -87.199 0.036 5.408 -0.762 0.000 -0.000 -0.000 0.000 -0.000 -0.000 0.000 -0.000 -0.000 -7.731 5.475 -0.417 0.000 -0.000 -0.000 -2.906 0.965 -0.103 0.000 -0.000 -0.000 -10.279 0.732 -0.026 0.000 -0.000 -0.000 -2.222 -0.733 0.209 -0.000 0.000 -0.000 16.912 -40.276 29.220 -0.386 39.379 0.309 1.477 12.515 -14.061 0.000 0.000 0.000 -8.133 -5.275 11.130 0.461 47.586 -1.211 -3.492 -15.447 -11.110
-22.808 79.534 267.000 7.616 65.577 -11.314 -9.046 32.210 -22.542 11.232 -3.354 -6.341 -15.426 9.490 -10.889 27.628 2.746 -19.836 0.000 0.000 0.000 0.000 0.000 0.000 0.000 -0.000 0.000 42.789 -60.800 -35.042 -8.279 -3.159 14.612 -0.318 15.849 2.287 -0.000 -0.000 0.000 -0.000 -0.000 0.000 -0.000 -0.000 0.000 7.731 5.475 0.417 -0.000 -0.000 0.000 2.906 0.965 0.103 -0.000 -0.000 0.000 10.279 0.732 0.026 -0.000 -0.000 0.000 2.222 -0.733 -0.209 0.000 -0.000 0.000 17.928 38.748 -115.712 27.832 -41.223 -86.142 0.000 0.376 -0.053 -0.000 0.000 0.000 -0.000 0.000 0.000 -0.000 0.000 0.000 -7.731 5.475 -0.417 -0.000 0.000 0.000 -2.906 0.965 -0.103 -0.000 0.000 0.000 -10.279 0.732 -0.026 -0.000 0.000 0.000 -2.222 -0.733 0.209 -0.000 0.000 -0.000 15.053 -37.878 28.132 -0.400 40.238 0.358 1.361 12.621 -13.194 0.000 0.000 0.000 -8.539 -5.581 11.213 0.487 48.337 -1.212 -3.777 -15.737 -11.698
-22.199 79.627 267.781 8.267 65.821 -10.126 -9.161 30.149 -19.603 11.188 -3.345 -5.551 -16.715 10.825 -12.571 30.003 8.552 -24.639 0.000 0.000 0.000 0.000 0.000 0.000 0.000 -0.000 -0.000 61.575 -39.108 -14.068 -11.248 -4.935 20.163 -0.043 -5.902 -0.833 -0.000 0.000 0.000 -0.000 0.000 0.000 -0.000 0.000 0.000 7.731 5.475 0.417 -0.000 0.000 0.000 2.906 0.965 0.103 -0.000 0.000 0.000 10.279 0.732 0.026 -0.000 0.000 0.000 2.222 -0.733 -0.209 0.000 -0.000 -0.000 14.959 48.914 -104.669 28.197 -39.206 -82.511 0.010 -2.864 0.403 -0.000 0.000 0.000 -0.000 0.000 0.000 -0.000 0.000 0.000 -7.731 5.475 -0.417 -0.000 0.000 0.000 -2.906 0.965 -0.103 -0.000 0.000 0.000 -10.279 0.732 -0.026 -0.000 0.000 0.000 -2.222 -0.733 0.209 -0.000 0.000 -0.000 14.035 -35.643 26.398 -0.413 41.262 0.438 0.649 9.993 -12.345 0.000 0.000 0.000 -8.492 -5.595 11.054 0.491 48.406 -1.200 -3.691 -16.089 -11.264
-21.696 79.914 268.604 6.738 65.543 -10.800 -7.198 27.997 -17.736 8.366 -3.384 -4.972 -15.512 12.603 -13.594 31.514 12.582 -28.125 0.000 0.000 0.000 0.000 0.000 0.000 0.000 -0.000 -0.000 67.101 -26.066 -6.187 -14.426 -7.304 26.416 -0.185 -12.165 -1.736 -0.000 -0.000 -0.000 -0.000 -0.000 -0.000 -0.000 -0.000 -0.000 7.731 5.475 0.417 -0.000 -0.000 -0.000 2.906 0.965 0.103 -0.000 -0.000 -0.000 10.279 0.732 0.026 -0.000 -0.000 -0.000 2.222 -0.733 -0.209 0.000 -0.000 -0.000 6.315 56.311 -87.199 28.432 -35.922 -76.878 0.067 -7.380 1.043 -0.000 0.000 -0.000 -0.000 0.000 -0.000 -0.000 0.000 -0.000 -7.731 5.475 -0.417 -0.000 0.000 -0.000 -2.906 0.965 -0.103 -0.000 0.000 -0.000 -10.279 0.732 -0.026 -0.000 0.000 -0.000 -2.222 -0.733 0.209 -0.000 0.000 -0.000 13.780 -33.639 24.868 -0.415 41.673 0.490 0.146 8.087 -11.002 0.000 0.000 0.000 -7.914 -5.651 9.861 0.497 48.406 -1.155 -3.844 -15.399 -11.991
-21.429 80.121 269.497 4.324 65.341 -11.809 -5.328 25.635 -15.384 7.457 -3.290 -4.238 -14.255 16.454 -14.814 32.148 11.643 -30.792 0.000 0.000 0.000 0.000 0.000 0.000 -0.000 0.000 0.000 66.971 -17.511 -1.177 -17.200 -9.851 32.249 -0.141 -10.627 -1.511 0.000 -0.000 0.000 0.000 -0.000 0.000 0.000 -0.000 0.000 7.731 5.475 0.417 0.000 -0.000 0.000 2.906 0.965 0.103 0.000 -0.000 0.000 10.279 0.732 0.026 0.000 -0.000 0.000 2.222 -0.733 -0.209 -0.000 0.000 0.000 -11.480 60.224 -62.843 28.360 -33.608 -73.059 0.099 -8.958 1.269 0.000 -0.000 -0.000 0.000 -0.000 -0.000 0.000 -0.000 -0.000 -7.731 5.475 -0.417 0.000 -0.000 -0.000 -2.906 0.965 -0.103 0.000 -0.000 -0.000 -10.279 0.732 -0.026 0.000 -0.000 -0.000 -2.222 -0.733 0.209 -0.000 0.000 -0.000 14.524 -32.440 24.964 -0.420 42.150 0.535 -0.253 6.150 -10.740 0.000 0.000 0.000 -7.157 -6.321 8.657 0.498 48.333 -1.151 -3.226 -16.284 -9.936
-21.134 80.410 270.325 2.901 66.128 -12.396 -3.965 24.518 -14.857 7.546 -3.222 -4.020 -13.603 17.803 -15.329 32.280 11.582 -31.808 0.000 0.000 0.000 0.000 0.000 0.000 0.000 -0.000 -0.000 64.668 -9.073 2.853 -19.859 -12.835 38.338 -0.063 -7.149 -1.010 -0.000 0.000 -0.000 -0.000 0.000 -0.000 -0.000 0.000 -0.000 7.731 5.475 0.417 -0.000 0.000 -0.000 2.906 0.965 0.103 -0.000 0.000 -0.000 10.279 0.732 0.026 -0.000 0.000 -0.000 2.222 -0.733 -0.209 0.000 -0.000 -0.000 -29.705 57.594 -37.992 28.273 -32.622 -71.458 0.121 -9.851 1.398 -0.000 -0.000 0.000 -0.000 -0.000 0.000 -0.000 -0.000 0.000 -7.731 5.475 -0.417 -0.000 -0.000 0.000 -2.906 0.965 -0.103 -0.000 -0.000 0.000 -10.279 0.732 -0.026 -0.000 -0.000 0.000 -2.222 -0.733 0.209 -0.000 0.000 -0.000 14.010 -31.405 24.201 -0.425 42.533 0.572 -0.509 4.869 -10.481 0.000 0.000 0.000 -6.582 -6.366 7.920 0.484 47.899 -1.138 -2.666 -17.171 -8.181
-21.065 80.613 271.393 0.322 66.689 -13.977 -2.239 23.855 -13.887 7.380 -3.554 -3.637 -13.322 18.187 -16.127 33.277 11.782 -33.453 0.000 0.000 0.000 0.000 0.000 0.000 0.000 -0.000 -0.000 62.224 -3.281 5.122 -22.322 -16.249 44.669 -0.010 -2.895 -0.407 0.000 0.000 -0.000 0.000 0.000 -0.000 0.000 0.000 -0.000 7.731 5.475 0.417 0.000 0.000 -0.000 2.906 0.965 0.103 0.000 0.000 -0.000 10.279 0.732 0.026 0.000 0.000 -0.000 2.222 -0.733 -0.209 0.000 -0.000 -0.000 -39.054 51.719 -21.525 28.190 -31.899 -70.292 0.121 -9.862 1.400 -0.000 -0.000 0.000 -0.000 -0.000 0.000 -0.000 -0.000 0.000 -7.731 5.475 -0.417 -0.000 -0.000 0.000 -2.906 0.965 -0.103 -0.000 -0.000 0.000 -10.279 0.732 -0.026 -0.000 -0.000 0.000 -2.222 -0.733 0.209 -0.000 0.000 -0.000 14.965 -30.198 25.584 -0.419 42.397 0.583 -0.850 3.264 -11.397 0.000 0.000 0.000 -5.420 -6.652 6.738 0.481 47.697 -1.118 -2.555 -17.563 -7.753
-20.850 80.803 272.091 -0.629 67.644 -13.910 -1.219 22.999 -12.876 7.020 -3.909 -3.295 -12.709 19.736 -16.921 34.329 9.534 -34.534 0.000 0.000 0.000 0.000 0.000 0.000 -0.000 0.000 0.000 60.207 1.216 5.855 -24.371 -19.808 50.807 -0.000 -0.183 -0.026 -0.000 -0.000 0.000 -0.000 -0.000 0.000 -0.000 -0.000 0.000 7.731 5.475 0.417 -0.000 -0.000 0.000 2.906 0.965 0.103 -0.000 -0.000 0.000 10.279 0.732 0.026 -0.000 -0.000 0.000 2.222 -0.733 -0.209 -0.000 0.000 0.000 -42.150 44.401 -12.050 27.920 -30.153 -67.493 0.030 -4.960 0.699 0.000 0.000 -0.000 0.000 0.000 -0.000 0.000 0.000 -0.000 -7.731 5.475 -0.417 0.000 0.000 -0.000 -2.906 0.965 -0.103 0.000 0.000 -0.000 -10.279 0.732 -0.026 0.000 0.000 -0.000 -2.222 -0.733 0.209 -0.000 0.000 -0.000 14.481 -29.754 25.584 -0.416 42.357 0.595 -0.936 2.825 -11.064 0.000 0.000 0.000 -5.120 -6.686 5.532 0.463 47.033 -1.088 -2.843 -17.959 -8.348
-20.554 80.957 272.463 0.131 69.043 -12.273 -0.719 22.370 -12.270 6.545 -4.325 -3.101 -12.522 20.074 -17.687 34.946 8.892 -35.827 0.000 0.000 0.000 0.000 0.000 0.000 0.000 -0.000 -0.000 59.552 4.930 6.126 -25.994 -23.419 56.741 -0.001 0.739 0.104 -0.000 -0.000 0.000 -0.000 -0.000 0.000 -0.000 -0.000 0.000 7.731 5.475 0.417 -0.000 -0.000 0.000 2.906 0.965 0.103 -0.000 -0.000 0.000 10.279 0.732 0.026 -0.000 -0.000 0.000 2.222 -0.733 -0.209 0.000 -0.000 -0.000 -42.764 37.127 -5.659 27.579 -28.510 -64.876 0.001 -1.015 0.143 0.000 -0.000 0.000 0.000 -0.000 0.000 0.000 -0.000 0.000 -7.731 5.475 -0.417 0.000 -0.000 0.000 -2.906 0.965 -0.103 0.000 -0.000 0.000 -10.279 0.732 -0.026 0.000 -0.000 0.000 -2.222 -0.733 0.209 -0.000 0.000 -0.000 12.947 -29.873 25.090 -0.418 42.565 0.615 -1.087 2.104 -11.025 0.000 0.000 0.000 -6.409 -6.751 3.053 0.439 46.261 -1.073 -2.433 -18.419 -7.230
-20.316 81.046 273.024 0.324 69.547 -11.134 -0.246 21.508 -11.262 6.118 -4.479 -2.812 -12.735 19.326 -18.283 35.009 9.889 -37.129 0.000 0.000 0.000 0.000 0.000 0.000 -0.000 0.000 0.000 59.547 8.086 6.555 -26.935 -26.124 61.078 -0.004 1.763 0.248 -0.000 -0.000 0.000 -0.000 -0.000 0.000 -0.000 -0.000 0.000 7.731 5.475 0.417 -0.000 -0.000 0.000 2.906 0.965 0.103 -0.000 -0.000 0.000 10.279 0.732 0.026 -0.000 -0.000 0.000 2.222 -0.733 -0.209 -0.000 0.000 0.000 -42.962 29.711 -0.921 26.968 -26.233 -61.251 0.000 -0.619 0.087 0.000 0.000 0.000 0.000 0.000 0.000 0.000 0.000 0.000 -7.731 5.475 -0.417 0.000 0.000 0.000 -2.906 0.965 -0.103 0.000 0.000 0.000 -10.279 0.732 -0.026 0.000 0.000 0.000 -2.222 -0.733 0.209 -0.000 0.000 -0.000 12.161 -30.155 24.291 -0.418 42.554 0.616 -0.872 3.080 -10.213 0.000 0.000 0.000 -6.291 -7.067 2.870 0.421 45.682 -1.063 -2.238 -18.672 -6.720
-19.938 81.247 273.817 1.609 70.377 -9.986 -0.775 21.994 -10.794 6.238 -4.682 -2.691 -12.675 19.734 -18.684 35.606 8.936 -37.708 0.000 0.000 0.000 0.000 0.000 0.000 0.000 -0.000 -0.000 60.957 11.998 6.883 -27.540 -28.349 64.619 -0.001 0.950 0.134 -0.000 -0.000 0.000 -0.000 -0.000 0.000 -0.000 -0.000 0.000 7.731 5.475 0.417 -0.000 -0.000 0.000 2.906 0.965 0.103 -0.000 -0.000 0.000 10.279 0.732 0.026 -0.000 -0.000 0.000 2.222 -0.733 -0.209 0.000 -0.000 -0.000 -42.801 21.159 2.686 26.111 -23.723 -57.231 0.001 0.649 -0.091 -0.000 -0.000 0.000 -0.000 -0.000 0.000 -0.000 -0.000 0.000 -7.731 5.475 -0.417 -0.000 -0.000 0.000 -2.906 0.965 -0.103 -0.000 -0.000 0.000 -10.279 0.732 -0.026 -0.000 -0.000 0.000 -2.222 -0.733 0.209 -0.000 0.000 -0.000 11.408 -29.057 24.040 -0.414 42.412 0.616 -0.931 2.801 -10.298 0.000 0.000 0.000 -6.361 -6.339 1.904 0.415 45.332 -1.035 -2.775 -18.194 -8.161
-19.628 81.335 274.649 1.939 70.756 -9.638 -1.084 22.288 -9.948 6.844 -4.633 -2.443 -12.365 20.410 -19.160 35.643 7.196 -38.127 0.000 0.000 0.000 0.000 0.000 0.000 0.000 -0.000 -0.000 62.548 15.921 7.209 -27.895 -30.018 67.277 -0.001 -0.730 -0.103 0.000 0.000 0.000 0.000 0.000 0.000 0.000 0.000 0.000 7.731 5.475 0.417 0.000 0.000 0.000 2.906 0.965 0.103 0.000 0.000 0.000 10.279 0.732 0.026 0.000 0.000 0.000 2.222 -0.733 -0.209 0.000 -0.000 -0.000 -42.983 11.976 5.036 25.079 -21.266 -53.230 0.014 3.392 -0.477 -0.000 0.000 0.000 -0.000 0.000 0.000 -0.000 0.000 0.000 -7.731 5.475 -0.417 -0.000 0.000 0.000 -2.906 0.965 -0.103 -0.000 0.000 0.000 -10.279 0.732 -0.026 -0.000 0.000 0.000 -2.222 -0.733 0.209 -0.000 0.000 -0.000 11.457 -28.141 24.364 -0.408 42.173 0.613 -1.066 2.199 -10.737 0.000 0.000 0.000 -5.875 -5.908 1.673 0.415 45.221 -1.016 -3.098 -17.643 -9.138
-19.288 81.283 275.501 1.626 70.699 -9.762 -0.815 22.324 -9.307 7.076 -4.647 -2.235 -12.655 20.463 -19.461 35.780 6.873 -38.627 0.000 0.000 0.000 0.000 0.000 0.000 -0.000 0.000 0.000 64.067 20.119 7.707 -28.030 -30.795 68.519 -0.008 -2.549 -0.358 -0.000 0.000 -0.000 -0.000 0.000 -0.000 -0.000 0.000 -0.000 7.731 5.475 0.417 -0.000 0.000 -0.000 2.906 0.965 0.103 -0.000 0.000 -0.000 10.279 0.732 0.026 -0.000 0.000 -0.000 2.222 -0.733 -0.209 -0.000 0.000 0.000 -42.818 5.150 8.148 24.455 -19.972 -51.082 0.012 3.095 -0.435 -0.000 -0.000 -0.000 -0.000 -0.000 -0.000 -0.000 -0.000 -0.000 -7.731 5.475 -0.417 -0.000 -0.000 -0.000 -2.906 0.965 -0.103 -0.000 -0.000 -0.000 -10.279 0.732 -0.026 -0.000 -0.000 -0.000 -2.222 -0.733 0.209 -0.000 0.000 -0.000 11.504 -27.645 23.305 -0.399 41.794 0.603 -0.989 2.308 -9.802 0.000 0.000 0.000 -5.418 -5.627 1.708 0.416 45.298 -1.023 -2.656 -18.263 -7.821
-18.915 81.198 276.142 2.236 70.099 -8.905 -0.748 22.165 -8.639 6.761 -4.690 -2.057 -12.141 20.870 -19.689 35.314 5.676 -38.676 0.000 0.000 0.000 0.000 0.000 0.000 -0.000 0.000 0.000 66.312 24.562 7.853 -28.068 -31.034 68.902 -0.027 -4.719 -0.665 -0.000 0.000 -0.000 -0.000 0.000 -0.000 -0.000 0.000 -0.000 7.731 5.475 0.417 -0.000 0.000 -0.000 2.906 0.965 0.103 -0.000 0.000 -0.000 10.279 0.732 0.026 -0.000 0.000 -0.000 2.222 -0.733 -0.209 -0.000 0.000 0.000 -42.739 0.635 11.344 24.276 -19.622 -50.494 0.002 -1.109 0.156 -0.000 -0.000 0.000 -0.000 -0.000 0.000 -0.000 -0.000 0.000 -7.731 5.475 -0.417 -0.000 -0.000 0.000 -2.906 0.965 -0.103 -0.000 -0.000 0.000 -10.279 0.732 -0.026 -0.000 -0.000 0.000 -2.222 -0.733 0.209 -0.000 0.000 -0.000 11.431 -27.341 22.953 -0.391 41.513 0.607 -1.065 1.357 -8.593 0.000 0.000 0.000 -5.025 -5.174 2.881 0.406 44.859 -1.008 -2.604 -18.495 -7.619
-18.531 81.142 276.721 4.489 70.019 -6.589 -1.681 22.249 -8.037 7.163 -4.762 -1.920 -11.612 21.929 -20.066 35.544 3.823 -38.905 0.000 0.000 0.000 0.000 0.000 0.000 -0.000 -0.000 0.000 68.843 27.087 7.334 -28.016 -30.710 68.382 -0.016 -3.553 -0.500 -0.000 0.000 -0.000 -0.000 0.000 -0.000 -0.000 0.000 -0.000 7.731 5.475 0.417 -0.000 0.000 -0.000 2.906 0.965 0.103 -0.000 0.000 -0.000 10.279 0.732 0.026 -0.000 0.000 -0.000 2.222 -0.733 -0.209 -0.000 -0.000 0.000 -42.476 -5.140 14.066 23.814 -18.753 -49.026 0.000 0.556 -0.078 -0.000 -0.000 0.000 -0.000 -0.000 0.000 -0.000 -0.000 0.000 -7.731 5.475 -0.417 -0.000 -0.000 0.000 -2.906 0.965 -0.103 -0.000 -0.000 0.000 -10.279 0.732 -0.026 -0.000 -0.000 0.000 -2.222 -0.733 0.209 -0.000 0.000 -0.000 10.925 -27.131 23.049 -0.388 41.458 0.614 -1.143 0.456 -7.920 0.000 0.000 0.000 -5.757 -4.831 2.597 0.398 44.566 -1.000 -2.408 -18.360 -7.180
-18.347 81.064 277.321 4.160 69.948 -6.364 -1.053 22.165 -7.495 7.230 -4.807 -1.722 -12.306 20.924 -20.432 36.308 4.784 -39.914 0.000 0.000 0.000 0.000 0.000 0.000 0.000 0.000 -0.000 70.762 28.502 6.675 -27.859 -29.830 66.978 -0.006 -2.204 -0.310 0.000 -0.000 0.000 0.000 -0.000 0.000 0.000 -0.000 0.000 7.731 5.475 0.417 0.000 -0.000 0.000 2.906 0.965 0.103 0.000 -0.000 0.000 10.279 0.732 0.026 0.000 -0.000 0.000 2.222 -0.733 -0.209 0.000 0.000 -0.000 -42.878 -8.481 16.114 23.676 -18.504 -48.600 0.000 0.329 -0.046 0.000 0.000 -0.000 0.000 0.000 -0.000 0.000 0.000 -0.000 -7.731 5.475 -0.417 0.000 0.000 -0.000 -2.906 0.965 -0.103 0.000 0.000 -0.000 -10.279 0.732 -0.026 0.000 0.000 -0.000 -2.222 -0.733 0.209 -0.000 0.000 -0.000 11.130 -27.141 22.760 -0.377 40.967 0.599 -1.160 -0.186 -7.246 0.000 0.000 0.000 -4.859 -5.322 3.229 0.417 45.040 -0.983 -3.248 -17.445 -9.520
-18.073 80.951 277.761 5.975 69.902 -4.231 -1.590 22.168 -7.237 7.409 -4.771 -1.674 -11.892 21.543 -20.621 36.721 3.102 -39.836 0.000 0.000 0.000 0.000 0.000 0.000 0.000 0.000 -0.000 72.834 29.137 5.825 -27.641 -28.783 65.310 -0.007 -2.417 -0.340 0.000 0.000 -0.000 0.000 0.000 -0.000 0.000 0.000 -0.000 7.731 5.475 0.417 0.000 0.000 -0.000 2.906 0.965 0.103 0.000 0.000 -0.000 10.279 0.732 0.026 0.000 0.000 -0.000 2.222 -0.733 -0.209 0.000 0.000 -0.000 -43.239 -11.122 18.236 23.778 -18.688 -48.914 0.006 -2.175 0.306 -0.000 0.000 -0.000 -0.000 0.000 -0.000 -0.000 0.000 -0.000 -7.731 5.475 -0.417 -0.000 0.000 -0.000 -2.906 0.965 -0.103 -0.000 0.000 -0.000 -10.279 0.732 -0.026 -0.000 0.000 -0.000 -2.222 -0.733 0.209 -0.000 0.000 -0.000 10.691 -27.219 22.999 -0.380 41.160 0.612 -1.211 -1.498 -6.276 0.000 0.000 0.000 -5.305 -5.652 3.451 0.425 45.345 -0.993 -2.886 -17.596 -8.540
